"","text","retweet_count","favorited","truncated","id_str","in_reply_to_screen_name","source","retweeted","created_at","in_reply_to_status_id_str","in_reply_to_user_id_str","lang","listed_count","verified","location","user_id_str","description","geo_enabled","user_created_at","statuses_count","followers_count","favourites_count","protected","user_url","name","time_zone","user_lang","utc_offset","friends_count","screen_name"
"23","RT @OfficiaISwanson: RT for Ron Swanson
Like for Hillary Clinton https://t.co/PQseDYY1Mc",116,FALSE,FALSE,"697530324046213120",NA,"<a href=""http://twitter.com/download/android"" rel=""nofollow"">Twitter for Android</a>",FALSE,"Wed Feb 10 21:19:23 +0000 2016",NA,NA,"en",1,FALSE,NA,"3110814718","‚ô• Proud member of the Beyhive ‚ô• (also I love cats, pizza, makeup and anything pretty and pink)",FALSE,"Tue Mar 24 16:27:06 +0000 2015",777,103,4924,FALSE,NA,"Sara A",NA,"en",NA,96,"Sara_and_Hadia"
"25","RT @AdamSmith_USA: #BREAKING: Former White House press secretary says President Obama wants Hillary Clinton to win the election. https://t.‚Ä¶",14,FALSE,FALSE,"697530324574535682",NA,"<a href=""http://twitter.com/download/iphone"" rel=""nofollow"">Twitter for iPhone</a>",FALSE,"Wed Feb 10 21:19:23 +0000 2016",NA,NA,"en",6,FALSE,"Duarte,CA","41547329","#ImWithHer #Hillary2016 #Dodgers #Lakers #Raiders",FALSE,"Thu May 21 07:26:45 +0000 2009",652,78,1855,FALSE,NA,"DodgerGirlForLife",NA,"en",NA,233,"courtneyjeanh"
"44","RT @MaryBeforeJane: When Hillary Clinton said that #weed should only be available under ""appropriate circumstances""Ì†æÌ¥îÌ†ΩÌ∏íÌ†ΩÌ∏ñÌ†ΩÌ∏≠ https://t.co/m3ZMfW‚Ä¶",1330,FALSE,FALSE,"697530327896559616",NA,"<a href=""http://twitter.com/download/iphone"" rel=""nofollow"">Twitter for iPhone</a>",FALSE,"Wed Feb 10 21:19:24 +0000 2016",NA,NA,"en",26,FALSE,"southern","30127898","Da my area",FALSE,"Fri Apr 10 01:51:51 +0000 2009",112977,2806,4085,FALSE,NA,"te' baby","Hawaii","en",-36000,1888,"tethegreat"
"98","RT @RaniaKhalek: How's it possible 4 Hillary Clinton to lose so badly yet leave New Hampshire w/ more delegates than Bernie Sanders? https:‚Ä¶",72,FALSE,FALSE,"697530337786785792",NA,"<a href=""http://twitter.com/download/android"" rel=""nofollow"">Twitter for Android</a>",FALSE,"Wed Feb 10 21:19:26 +0000 2016",NA,NA,"en",2,FALSE,"Budapest, Hungary","2725459661","Anti Fascist, 60s garage, pop, Northern soul,ska,new order,the stone roses etc, Acid House, underground Techno and Electro.Glasgow Celtic, NP",TRUE,"Sat Jul 26 18:03:28 +0000 2014",727,279,1149,FALSE,NA,"fidel sherman","Pacific Time (US & Canada)","en",-28800,922,"maudl1ncareer"
"104","RT @OfficiaISwanson: RT for Ron Swanson
Like for Hillary Clinton https://t.co/PQseDYY1Mc",117,FALSE,FALSE,"697530340236079104",NA,"<a href=""http://twitter.com/download/iphone"" rel=""nofollow"">Twitter for iPhone</a>",FALSE,"Wed Feb 10 21:19:27 +0000 2016",NA,NA,"en",1,FALSE,NA,"409427517","ISU '18",FALSE,"Thu Nov 10 18:33:02 +0000 2011",3598,133,845,FALSE,NA,"Luke",NA,"en",NA,400,"lukerslivinlife"
"106","@GhostfaceKillah Legal Scholar Michelle Alexander Explains Why Hillary Clinton Doesn‚Äôt Deserve #BlackVote  #uspoli https://t.co/NeJC0ztLp7 ‚Ä¶",0,FALSE,FALSE,"697530340416610305","GhostfaceKillah","<a href=""http://twitter.com"" rel=""nofollow"">Twitter Web Client</a>",FALSE,"Wed Feb 10 21:19:27 +0000 2016",NA,"16157577","en",6,FALSE,"Up Shit Creek wading thru Crap","56284648","^^^loathesome asshole! I Loathe #IdentityPolitics.FAME is the NEW LAME.Can UThink 4 URself",FALSE,"Mon Jul 13 04:18:11 +0000 2009",2779,323,432,FALSE,NA,"Toad Groan","Eastern Time (US & Canada)","en",-18000,450,"Frogspott"
"131","RT @KeaneBhatt: Expos√© on how State Dept's Philippe Reines &amp; @TheAtlantic's @marcambinder sold Hillary Clinton in the free press https://t.‚Ä¶",6,FALSE,FALSE,"697530345764343809",NA,"<a href=""http://twitter.com"" rel=""nofollow"">Twitter Web Client</a>",FALSE,"Wed Feb 10 21:19:28 +0000 2016",NA,NA,"en",153,FALSE,NA,"2316065196",NA,FALSE,"Tue Jan 28 20:58:48 +0000 2014",69529,815,17940,FALSE,NA,"Jo Mirek","London","en",0,1434,"JosMirek"
"151","RT @KingBillyV: Long... but, a MUST READ!

Why Hillary Clinton Doesn‚Äôt Deserve the Black Vote via @thenation https://t.co/U5IJ6I0VyT",1,FALSE,FALSE,"697530350461845505",NA,"<a href=""http://twitter.com"" rel=""nofollow"">Twitter Web Client</a>",FALSE,"Wed Feb 10 21:19:29 +0000 2016",NA,NA,"en",168,FALSE,"Surfside, California","2565984139","#BernieSanders2016   #FootSoldier",FALSE,"Fri Jun 13 21:49:40 +0000 2014",31784,1528,14274,FALSE,NA,"Avrilla",NA,"en",NA,1629,"Avrilla23"
"155","RT @MaryBeforeJane: When Hillary Clinton said that #weed should only be available under ""appropriate circumstances""Ì†æÌ¥îÌ†ΩÌ∏íÌ†ΩÌ∏ñÌ†ΩÌ∏≠ https://t.co/m3ZMfW‚Ä¶",1330,FALSE,FALSE,"697530350545690624",NA,"<a href=""http://twitter.com/download/iphone"" rel=""nofollow"">Twitter for iPhone</a>",FALSE,"Wed Feb 10 21:19:29 +0000 2016",NA,NA,"en",0,FALSE,"Lebanon, PA","4190836499","cool, calm and collected",FALSE,"Sun Nov 15 02:43:24 +0000 2015",3261,232,1138,FALSE,NA,"Vic",NA,"en",NA,501,"toriadissinger"
"156","RT @RealJamesWoods: Hillary Clinton is in trouble | Newsday You think...? https://t.co/SFv7ir1z9z",60,FALSE,FALSE,"697530351338582016",NA,"<a href=""http://twitter.com/download/android"" rel=""nofollow"">Twitter for Android</a>",FALSE,"Wed Feb 10 21:19:29 +0000 2016",NA,NA,"en",129,FALSE,"Ashamed of my Government","166990045","#SelfDetermination, Unapologetic - Christian Charismatic. Capitalist, Patriot, Realistic, True North. No Porn,Proudly South African http://www.censorbugbear.org",FALSE,"Thu Jul 15 13:53:55 +0000 2010",55306,3765,16133,FALSE,NA,"Hein Huyser",NA,"en",NA,4088,"Saamprater"
"160","Hillary Clinton Calls on Social Media to Help with Fight Against ISIS #HelpwithSocialMedia https://t.co/1ItnTkMrUZ",0,FALSE,FALSE,"697530351900454913",NA,"<a href=""http://www.facebook.com/twitter"" rel=""nofollow"">Facebook</a>",FALSE,"Wed Feb 10 21:19:30 +0000 2016",NA,NA,"en",151,FALSE,"Stockton On Tees","93144422","Good Advertising Platform find me on rebelmouse http://www.rebelmouse.com/colinjeffrey",TRUE,"Sat Nov 28 08:15:27 +0000 2009",21830,1512,21,FALSE,"http://about.me/colinjeffrey","Colin Jeffrey","London","en",0,1983,"colinjeffrey1"
"183","RT @CauseWereGuys: RT for Puppy Monkey Baby

Like for Hillary Clinton https://t.co/5qvKRJWzX1",4564,FALSE,FALSE,"697530356866682880",NA,"<a href=""http://twitter.com/download/iphone"" rel=""nofollow"">Twitter for iPhone</a>",FALSE,"Wed Feb 10 21:19:31 +0000 2016",NA,NA,"en",0,FALSE,"Wisconsin, USA","2557473734","Fool me once, strike one. But fool me twice...strike three.",TRUE,"Mon Jun 09 20:26:29 +0000 2014",166,117,1705,FALSE,NA,"Cole P McLean",NA,"en",NA,140,"ColePMcDirty"
"221","RT @HFAMobileAL: #ImWithHer Attorney Benjamin L. Crump Endorses Hillary Clinton For President

READ:
https://t.co/cGkYLEjgtg

#HillYes",14,FALSE,FALSE,"697530365783584768",NA,"<a href=""http://twitter.com/download/iphone"" rel=""nofollow"">Twitter for iPhone</a>",FALSE,"Wed Feb 10 21:19:33 +0000 2016",NA,NA,"en",91,FALSE,NA,"2560148358","https://www.hillaryclinton.com #LGBT #EqualPay #MarriageEquality #BerniebroBuster #ImForHer #BlackLivesMatter #LatinosForHillary",FALSE,"Wed Jun 11 00:07:09 +0000 2014",85923,1905,22260,FALSE,NA,"HunterHRC2016",NA,"en",NA,1770,"HunterHRC2016"
"235","RT @AdamSmith_USA: #BREAKING: Former White House press secretary says President Obama wants Hillary Clinton to win the election. https://t.‚Ä¶",15,FALSE,FALSE,"697530368350646272",NA,"<a href=""http://twitter.com/download/iphone"" rel=""nofollow"">Twitter for iPhone</a>",FALSE,"Wed Feb 10 21:19:33 +0000 2016",NA,NA,"en",5,FALSE,"Goshen, IN // East Lansing, MI","482692081","Cats, chipotle, politics, and economics. '◊ú◊ó◊ô◊ô◊ù",TRUE,"Sat Feb 04 06:16:21 +0000 2012",45471,556,17495,FALSE,NA,"Briyonc√©","Atlantic Time (Canada)","en",-14400,390,"BriannaInTheSky"
"262","RT @deirdrewalshcnn: Congressional Black Caucus PAC voted to endorse Hillary Clinton, per Rep Butterfield, expects at least a dozen CBC mem‚Ä¶",63,FALSE,FALSE,"697530372918095872",NA,"<a href=""http://twitter.com/download/iphone"" rel=""nofollow"">Twitter for iPhone</a>",FALSE,"Wed Feb 10 21:19:35 +0000 2016",NA,NA,"en",14,FALSE,"Stepping in the name of Love","56013290","Social Scientist/Activist/Follower of Christ/ Boxer/ Lover/ Hypocrite/ Asshole/#DallasCowboys/ PG&DC Raised me.",TRUE,"Sun Jul 12 04:04:21 +0000 2009",115799,771,385,FALSE,"http://RenyTayThoughts.com","RenyTay‚ö†Ô∏è","Eastern Time (US & Canada)","en",-18000,794,"RenyTay"
"295","RT @collier: ""Why Hillary Clinton Doesn‚Äôt Deserve the Black Vote"" https://t.co/uneBi09nsd By the inimitable Michelle Alexander",3,FALSE,FALSE,"697530381462085632",NA,"<a href=""http://twitter.com/download/iphone"" rel=""nofollow"">Twitter for iPhone</a>",FALSE,"Wed Feb 10 21:19:37 +0000 2016",NA,NA,"en",102,FALSE,"this salsas from new york city","50107074","VERY nice to meet you

Management: lakutismgmt [at] gmail [dot] com",FALSE,"Tue Jun 23 21:24:17 +0000 2009",17783,8661,114,FALSE,"http://lakutis1.bandcamp.com/","Aleksey Weintraub","Eastern Time (US & Canada)","en",-18000,442,"LAKUTIS"
"296","RT @thenation: Why Hillary Clinton Doesn‚Äôt Deserve Black People‚Äôs Votes https://t.co/Iqb0onTtcd",682,FALSE,FALSE,"697530381722128384",NA,"<a href=""http://twitter.com/download/iphone"" rel=""nofollow"">Twitter for iPhone</a>",FALSE,"Wed Feb 10 21:19:37 +0000 2016",NA,NA,"en",29,FALSE,"Chicago","228147604","It's vital that when educating ourchildren‚Äôs brains we do not neglect 2educate their hearts bynurturing theircompassionate nature #NMRK #Buddhist #CTU #educolor",TRUE,"Sat Dec 18 21:31:39 +0000 2010",7237,960,3152,FALSE,"http://www.sgi-usa.org","Sandy Moreno",NA,"en",NA,2442,"Sandyinchgo"
"298","RT @MaryBeforeJane: When Hillary Clinton said that #weed should only be available under ""appropriate circumstances""Ì†æÌ¥îÌ†ΩÌ∏íÌ†ΩÌ∏ñÌ†ΩÌ∏≠ https://t.co/m3ZMfW‚Ä¶",1331,FALSE,FALSE,"697530380975353856",NA,"<a href=""http://www.twitter.com"" rel=""nofollow"">Twitter for Windows Phone</a>",FALSE,"Wed Feb 10 21:19:36 +0000 2016",NA,NA,"en",1,FALSE,"Trampa. ID","2916587269","I like Bernie Sanders. I like the Chargers. New Society.",FALSE,"Tue Dec 02 12:18:25 +0000 2014",4431,313,4726,FALSE,NA,"D. Hennessey",NA,"en",NA,332,"DustinCudi"
"311","Hillary Clinton BLACKMAILING the Press : PROOF! https://t.co/BIKEHTBaNL #HillaryClinton #BernieSanders #FeelTheBern #ImWithHer #NVcaucus",0,FALSE,FALSE,"697530383651442688",NA,"<a href=""https://about.twitter.com/products/tweetdeck"" rel=""nofollow"">TweetDeck</a>",FALSE,"Wed Feb 10 21:19:37 +0000 2016",NA,NA,"en",21,FALSE,NA,"4765080481","Feel The Burn!",FALSE,"Fri Jan 15 22:39:27 +0000 2016",1704,94,58,FALSE,NA,"Burny Cinders",NA,"en-gb",NA,78,"BurnyCinders"
"340","RT @RepublicanSass: Hillary Clinton should give up pantsuits for lent.",3,FALSE,FALSE,"697530390228021249",NA,"<a href=""http://twitter.com/download/iphone"" rel=""nofollow"">Twitter for iPhone</a>",FALSE,"Wed Feb 10 21:19:39 +0000 2016",NA,NA,"en",3,FALSE,"Poland‚Ä¢ Connecticut‚Ä¢ Arizona‚Ä¢ ","3160071422","Arizona State University",FALSE,"Thu Apr 16 18:07:34 +0000 2015",3948,242,3206,FALSE,NA,"Nicole K",NA,"en",NA,286,"nickiiiak"
"347","Surely not...Donald Trump: I would beat Hillary Clinton to White House - https://t.co/DM4YDN8rop",0,FALSE,FALSE,"697530392396615680",NA,"<a href=""http://twitter.com/download/android"" rel=""nofollow"">Twitter for Android</a>",FALSE,"Wed Feb 10 21:19:39 +0000 2016",NA,NA,"en",173,FALSE,"Edinburgh","84446745","Yorkshireman from Settle released novel December 2015 'Road To Ribblehead' similar to ITV Jericho. Also write crime novels set in Edinburgh",FALSE,"Thu Oct 22 22:58:55 +0000 2009",5759,10397,585,FALSE,"http://johnrburns.weebly.com/","JohnRBurns","Amsterdam","en",3600,10489,"JohnRBurns47"
"352","RT @TalKopan: Former WH spox says Obama is supporting Hillary Clinton: https://t.co/nx2FHU5kiB",5,FALSE,FALSE,"697530394053341184",NA,"<a href=""http://twitter.com/#!/download/ipad"" rel=""nofollow"">Twitter for iPad</a>",FALSE,"Wed Feb 10 21:19:40 +0000 2016",NA,NA,"en",51,FALSE,NA,"750360169",NA,TRUE,"Sat Aug 11 00:54:17 +0000 2012",40667,759,14072,FALSE,NA,"J. McCavendish","Pacific Time (US & Canada)","en",-28800,1776,"limitlesskait"
"389","RT @OfficiaISwanson: RT for Ron Swanson
Like for Hillary Clinton https://t.co/PQseDYY1Mc",118,FALSE,FALSE,"697530401338871808",NA,"<a href=""http://twitter.com/download/iphone"" rel=""nofollow"">Twitter for iPhone</a>",FALSE,"Wed Feb 10 21:19:41 +0000 2016",NA,NA,"en",1,FALSE,"Running with my dog","4135214182","Trying to navigate through life, college, and family. Future Physician Assistant. Hopeless romantic. Photography.",FALSE,"Sat Nov 07 15:42:36 +0000 2015",427,299,498,FALSE,NA,"Just Another Girl",NA,"en",NA,520,"uniquebuckeye"
"482","RT @FredZeppelin12: This needs to be RT'd

Hillary Clinton: ""We're Going to Take Things Away From You on Behalf of the Common Good""

 http:‚Ä¶",11851,FALSE,FALSE,"697530423153451010",NA,"<a href=""http://twitter.com/download/android"" rel=""nofollow"">Twitter for Android</a>",FALSE,"Wed Feb 10 21:19:47 +0000 2016",NA,NA,"en",0,FALSE,"Scaggsville, MD","569610295",NA,FALSE,"Thu May 03 02:14:17 +0000 2012",268,71,598,FALSE,NA,"taosuzie",NA,"en",NA,445,"taosuzie"
"486","RT @AmericanSunlite: Reporter Took Orders from Hillary Clinton‚Äôs Staff, Down to Specific Adjective https://t.co/UrepPwVwnj https://t.co/kTe‚Ä¶",1,FALSE,FALSE,"697530423107137536",NA,"<a href=""http://twitter.com/download/android"" rel=""nofollow"">Twitter for Android</a>",FALSE,"Wed Feb 10 21:19:47 +0000 2016",NA,NA,"en",67,FALSE,"Portland, OR (ory GUN)","1265204137","Nana to 4 grandkids and 3 great grandkids

I BLOCK PPL THAT ADD ME TO LISTS!",TRUE,"Wed Mar 13 19:01:32 +0000 2013",72051,1755,34708,FALSE,NA,"Mari Olsdatter",NA,"en",NA,1467,"MariOlsdatter"
"488","RT @mmister: Hillary Clinton: Citizens United Is Tragic for America Because It Allowed People to Criticize Me https://t.co/rNTQTUqN81",1,FALSE,FALSE,"697530423505743872",NA,"<a href=""https://about.twitter.com/products/tweetdeck"" rel=""nofollow"">TweetDeck</a>",FALSE,"Wed Feb 10 21:19:47 +0000 2016",NA,NA,"en",5,FALSE,"nen√≠ jenom most a hrad","1205660617","in a test called 'which murderous villain resembles you the most?' i got 'an angel' // my favorite color is @forever_pizza_",FALSE,"Thu Feb 21 18:23:19 +0000 2013",10181,203,31025,FALSE,"http://soundcloud.com/litter-bin","zlovutn√Ω KONA$$ LO$$","Amsterdam","cs",3600,74,"klos_is_gay"
"502","RT @MaryBeforeJane: When Hillary Clinton said that #weed should only be available under ""appropriate circumstances""Ì†æÌ¥îÌ†ΩÌ∏íÌ†ΩÌ∏ñÌ†ΩÌ∏≠ https://t.co/m3ZMfW‚Ä¶",1332,FALSE,FALSE,"697530426408087552",NA,"<a href=""http://twitter.com/download/iphone"" rel=""nofollow"">Twitter for iPhone</a>",FALSE,"Wed Feb 10 21:19:47 +0000 2016",NA,NA,"en",3,FALSE,"956","4634552616","happy hoes ain't hatin' & hatin' hoes ain't happy|@patriots",TRUE,"Wed Dec 23 02:20:13 +0000 2015",4518,159,6115,FALSE,NA,"Y√Å√ëEZ.‚û∞",NA,"en",NA,168,"_Zenay23"
"510","RT NewsInReno Hillary Clinton counts on Bernie Sanders' fading allure in Nevada - Washington Times https://t.co/n5xqYsPj4M #Reno",0,FALSE,FALSE,"697530429126131712",NA,"<a href=""http://ifttt.com"" rel=""nofollow"">IFTTT</a>",FALSE,"Wed Feb 10 21:19:48 +0000 2016",NA,NA,"en",808,FALSE,"Reno, NV","3733566263","Bail Bondsman in #Reno NV that provides 24/7 help to set your loved ones free! #bailbonds #bailbondsman",FALSE,"Tue Sep 22 00:43:02 +0000 2015",76338,461,1,FALSE,NA,"Reno Bail Bonds",NA,"en",NA,93,"freemymanreno"
"519","RT @TalKopan: Former WH spox says Obama is supporting Hillary Clinton: https://t.co/nx2FHU5kiB",6,FALSE,FALSE,"697530430178922496",NA,"<a href=""http://twitter.com"" rel=""nofollow"">Twitter Web Client</a>",FALSE,"Wed Feb 10 21:19:48 +0000 2016",NA,NA,"en",59,FALSE,"Vermont","1897239480","R.N.-Retired. Wife to super smart & humble guy, Mom to 4 great kids. Catholic, Pro-Life,",TRUE,"Mon Sep 23 13:12:29 +0000 2013",27475,486,66,FALSE,NA,"JB",NA,"en",NA,1326,"6nsinvt"
"550","El final de la magia de los Clinton: El desastre de Hillary Clinton en New Hampshire ha sembrado dudas sobre una candidatura que en t...",0,FALSE,FALSE,"697530438898708480",NA,"<a href=""http://twitterfeed.com"" rel=""nofollow"">twitterfeed</a>",FALSE,"Wed Feb 10 21:19:50 +0000 2016",NA,NA,"es",13,FALSE,NA,"1666153608","SoY SiMpAtIcO, DivertidoO,EscuchoO yVivo la Musica rOmAnTiCa , Mi idolo:ReIk Me Gusta El Color ,FustradO Con el dEmBoW,mE GuStA La NBA,Mi Bff CrItAl bRiToO",FALSE,"Mon Aug 12 22:41:37 +0000 2013",68171,122,3,FALSE,NA,"„ÄäMƒ≠ ‡∏ø∆í∆í„Äã‚Üí‚Üí‚Üí","Amsterdam","es",3600,61,"Sonido_digital"
"587","Assange: Vote for Hillary Clinton is ‚Äòvote for endless, stupid war' which spreads terrorism ‚Äî RT News https://t.co/jGjc2klYJr",0,FALSE,FALSE,"697530446738034690",NA,"<a href=""http://twitter.com"" rel=""nofollow"">Twitter Web Client</a>",FALSE,"Wed Feb 10 21:19:52 +0000 2016",NA,NA,"en",7,FALSE,NA,"2511805574",NA,FALSE,"Wed May 21 07:09:02 +0000 2014",9987,48,1,FALSE,NA,"jack o'malley",NA,"en",NA,261,"1foolon1hill"
"603","@RockwallFinley Cite to me anything where the FBI says they are conducting a criminal investigation into Hillary Clinton.",0,FALSE,FALSE,"697530449254604800","RockwallFinley","<a href=""http://twitter.com/download/iphone"" rel=""nofollow"">Twitter for iPhone</a>",FALSE,"Wed Feb 10 21:19:53 +0000 2016","697526270981177344","2987423725","en",6,FALSE,NA,"3053978610","Fourth President of the United States",TRUE,"Sun Mar 01 23:30:41 +0000 2015",5305,98,814,FALSE,NA,"Jimmy Madison",NA,"en",NA,216,"Federalist_10"
"607","RT @anniekarni: Hakeem Jeffries: ""Hillary Clinton has been a true friend to the AA community period...Bernie Sanders has been largely missi‚Ä¶",41,FALSE,FALSE,"697530450726801408",NA,"<a href=""http://twitter.com/download/iphone"" rel=""nofollow"">Twitter for iPhone</a>",FALSE,"Wed Feb 10 21:19:53 +0000 2016",NA,NA,"en",36,FALSE,"Ian Somerhalder Fans Group","26825373","Mom| Delegate For Hillary Clinton, I ‚ô• Politics , Know  @HillaryClinton is our Future President I‚ô•@IanSomerhalder",TRUE,"Thu Mar 26 19:22:33 +0000 2009",9028,4586,904,FALSE,"http://www.Facebook.com/MysticalMoonlight","Jennifer ‚ô•Nuell","Mountain Time (US & Canada)","en",-25200,4445,"BellaMoon73"
"608","Hillary Clinton is a pathological liar with no real stance to campaign on other than the fact that she's a woman.",0,FALSE,FALSE,"697530450449866752",NA,"<a href=""http://twitter.com/download/iphone"" rel=""nofollow"">Twitter for iPhone</a>",FALSE,"Wed Feb 10 21:19:53 +0000 2016",NA,NA,"en",12,FALSE,"Indigo Providence, SoCal","58441295","Fornicate With Females, Acquire Currency. Atl√©tico Madrid. #DubNation. Genius. Blogger. Proud Member of Ashy Nigga Twitter #BDS #Anarchy Tottenham Spurs",TRUE,"Mon Jul 20 10:26:01 +0000 2009",16294,3030,502,FALSE,"http://theprovoking.blogspot.com","Provo King","Pacific Time (US & Canada)","en",-28800,2095,"RealNameOnyx"
"612","when u thought u were close with ur psych teacher from high school but he retweets Hillary Clinton https://t.co/mdvJvlRUzQ",0,FALSE,FALSE,"697530449711726592",NA,"<a href=""http://twitter.com/download/iphone"" rel=""nofollow"">Twitter for iPhone</a>",FALSE,"Wed Feb 10 21:19:53 +0000 2016",NA,NA,"en",4,FALSE,"Florida, USA","1559550344","it takes a lot of courage to go out there and radiate your essence",TRUE,"Mon Jul 01 03:38:48 +0000 2013",16982,736,9533,FALSE,NA,"mckenna lewis","Hawaii","en",-36000,523,"mckennalew"
"639","RT @TalKopan: Former WH spox says Obama is supporting Hillary Clinton: https://t.co/nx2FHU5kiB",7,FALSE,FALSE,"697530457022455812",NA,"<a href=""http://twitter.com/download/iphone"" rel=""nofollow"">Twitter for iPhone</a>",FALSE,"Wed Feb 10 21:19:55 +0000 2016",NA,NA,"en",134,TRUE,"Washington, D.C.","172979014","@CNNPolitics Breaking News Editor. @usnews alum. Left Shark apologist. Mainer. Allegiance to Red Sox, Pats, Celts and Polar Bears playing any sport.",TRUE,"Sat Jul 31 03:03:39 +0000 2010",12399,2511,1531,FALSE,"http://www.cnn.com/POLITICS","Rebekah Metzler","Eastern Time (US & Canada)","en",-18000,330,"rebekahmetzler"
"656","RT @CauseWereGuys: RT for Puppy Monkey Baby

Like for Hillary Clinton https://t.co/5qvKRJWzX1",4565,FALSE,FALSE,"697530461187235840",NA,"<a href=""http://twitter.com/download/iphone"" rel=""nofollow"">Twitter for iPhone</a>",FALSE,"Wed Feb 10 21:19:56 +0000 2016",NA,NA,"en",2,FALSE,NA,"1138461709","Winners Never Quit and Quitters Never Win yorkville baseball #12 ‚öæÔ∏è 12/23/14 ‚ù§Ô∏è",FALSE,"Fri Feb 01 02:01:47 +0000 2013",675,162,1535,FALSE,NA,"Jonny Behrens",NA,"en",NA,294,"Behrens2"
"676","RT @gehem007: @1978BABY looks like you don't know Hillary Clinton's history even though it wasmentioned in that M.A's piece. Also: https://‚Ä¶",1,FALSE,FALSE,"697530465100562433",NA,"<a href=""http://twitter.com"" rel=""nofollow"">Twitter Web Client</a>",FALSE,"Wed Feb 10 21:19:57 +0000 2016",NA,NA,"en",44,FALSE,NA,"4045052652","Long time activist for human/civil/immigrant/animal rights. I believe feminism is an absolute necessity. I support @foodnotbombs. Poverty is a curable injustice",FALSE,"Wed Oct 28 09:37:12 +0000 2015",8521,960,14925,FALSE,NA,"christopher m","Pacific Time (US & Canada)","en",-28800,1903,"cmmcmmcmmcmm"
"697","#News #World A Tale of Two Clintons: Let's look then, at what kind of experience Hillary Clinton ha... https://t.co/akvWIwrKds #WorldNews",0,FALSE,FALSE,"697530469869494272",NA,"<a href=""http://twitterfeed.com"" rel=""nofollow"">twitterfeed</a>",FALSE,"Wed Feb 10 21:19:58 +0000 2016",NA,NA,"en",1047,FALSE,"New Jersey, USA","3265559538","#Women #News Worldwide #Feminism #LikeAGirl #LGBT #Islamophobia #DomesticViolence #UniteBlue #AnimalRights #Gunsense Powered by @AnimalRightsJen",FALSE,"Thu Jul 02 02:24:14 +0000 2015",548382,16815,1131,FALSE,NA,"Women's News","America/New_York","en",-18000,8948,"WomenWorldNews1"
"727","Hillary Clinton's Support for GMOs Confirmed by Gates Foundation - Sustainable Pulse https://t.co/hoa6aA2E06",0,FALSE,FALSE,"697530474927763456",NA,"<a href=""http://www.facebook.com/twitter"" rel=""nofollow"">Facebook</a>",FALSE,"Wed Feb 10 21:19:59 +0000 2016",NA,NA,"en",0,FALSE,NA,"544641065",NA,FALSE,"Tue Apr 03 22:30:00 +0000 2012",16460,6,1,FALSE,NA,"Karolee","Atlantic Time (Canada)","en",-14400,35,"Karolee4"
"735","RT @TalKopan: Former WH spox says Obama is supporting Hillary Clinton: https://t.co/nx2FHU5kiB",8,FALSE,FALSE,"697530476349804544",NA,"<a href=""http://twitter.com/download/iphone"" rel=""nofollow"">Twitter for iPhone</a>",FALSE,"Wed Feb 10 21:19:59 +0000 2016",NA,NA,"en",57,FALSE,"M√ºnchen, Bayern","482763399","Bester St√ºrmer, den der FC Bayern nie hatte. Ansonsten Rechtsanwalt und Sozialdemokrat mit (Rest-) Visionen. Abh√§ngig von Koffein und ...umstrittener... Musik.",FALSE,"Sat Feb 04 08:42:45 +0000 2012",20959,1793,599,FALSE,NA,"Sebastian Roloff","Berlin","de",3600,844,"SebRoloff"
"744","Jen Gerson: Hillary Clinton‚Äôs feminism problem . It back fired !! Good !!! https://t.co/Chsu9udawN",0,FALSE,FALSE,"697530478581174272",NA,"<a href=""http://twitter.com/download/iphone"" rel=""nofollow"">Twitter for iPhone</a>",FALSE,"Wed Feb 10 21:20:00 +0000 2016",NA,NA,"en",10,FALSE,NA,"3115270649",NA,TRUE,"Wed Mar 25 16:41:33 +0000 2015",6408,497,2422,FALSE,NA,"Victor",NA,"en",NA,2476,"Victor56883135"
"761","RT @mmfa: Newsweek destroys partisan attacks on Hillary Clinton‚Äôs email: https://t.co/nGdusRJU1O",8,FALSE,FALSE,"697530482649485312",NA,"<a href=""http://twitter.com/download/iphone"" rel=""nofollow"">Twitter for iPhone</a>",FALSE,"Wed Feb 10 21:20:01 +0000 2016",NA,NA,"en",13,FALSE,NA,"15906188",NA,FALSE,"Tue Aug 19 16:38:14 +0000 2008",12259,469,21846,FALSE,NA,"M.Carroll","Pacific Time (US & Canada)","en",-28800,416,"_mcarroll"
"778","RT @MaryBeforeJane: When Hillary Clinton said that #weed should only be available under ""appropriate circumstances""Ì†æÌ¥îÌ†ΩÌ∏íÌ†ΩÌ∏ñÌ†ΩÌ∏≠ https://t.co/m3ZMfW‚Ä¶",1333,FALSE,FALSE,"697530486097387520",NA,"<a href=""http://twitter.com/download/iphone"" rel=""nofollow"">Twitter for iPhone</a>",FALSE,"Wed Feb 10 21:20:02 +0000 2016",NA,NA,"en",1,FALSE,"paradise","2855045337","*crown emoji*",TRUE,"Sat Nov 01 15:26:20 +0000 2014",4609,434,7678,FALSE,NA,"jada","Pacific Time (US & Canada)","en",-28800,900,"princess_jaddaa"
"811","RT @CauseWereGuys: RT for Puppy Monkey Baby

Like for Hillary Clinton https://t.co/5qvKRJWzX1",4566,FALSE,FALSE,"697530492225126400",NA,"<a href=""http://twitter.com/download/iphone"" rel=""nofollow"">Twitter for iPhone</a>",FALSE,"Wed Feb 10 21:20:03 +0000 2016",NA,NA,"en",1,FALSE,"New York","1511847733","7-7-13. Forever and always.",TRUE,"Wed Jun 12 22:47:54 +0000 2013",251,102,5372,FALSE,NA,"Dylan Stocking","Eastern Time (US & Canada)","en",-18000,63,"stocking_dylan"
"818","RT @LatinoVoices: Hillary Clinton is relying on minority voters, but they're not all relying on her https://t.co/6g4c3Pp4bl",11,FALSE,FALSE,"697530493575700480",NA,"<a href=""http://www.voteus.info"" rel=""nofollow"">iTweet for Reform</a>",FALSE,"Wed Feb 10 21:20:03 +0000 2016",NA,NA,"en",61,FALSE,NA,"2252983828",NA,FALSE,"Mon Dec 30 21:59:14 +0000 2013",132998,812,191,FALSE,NA,"hansel",NA,"en",NA,986,"hansel_gmail"
"844","Hillary Clinton has a major honesty problem after New Hampshire
https://t.co/SzmNVSWgLD #NotMeUs #WeAreBernie #FeelTheBern",0,FALSE,FALSE,"697530498503946240",NA,"<a href=""http://twitter.com"" rel=""nofollow"">Twitter Web Client</a>",FALSE,"Wed Feb 10 21:20:04 +0000 2016",NA,NA,"en",21,FALSE,"El Paso, TX","3505692801","re-tweeting news stories that I find important.Interested in signal boosting worthy causes and propagation of powerful memes. #FeelTheBERN #WeAreBernie",FALSE,"Mon Aug 31 21:28:39 +0000 2015",3955,207,60,FALSE,NA,"Michael Martin","Mountain Time (US & Canada)","en",-25200,281,"theadjournalist"
"848","RT @taygogo: Hillary Clinton deserves to be on the same stage as the Republicans. She is a conservative oppressor. I do not distinguish bet‚Ä¶",182,FALSE,FALSE,"697530499489660929",NA,"<a href=""http://twitter.com/#!/download/ipad"" rel=""nofollow"">Twitter for iPad</a>",FALSE,"Wed Feb 10 21:20:05 +0000 2016",NA,NA,"en",5,FALSE,"tx","339205888","#sagittarius // 18 // mckenny // phhhoto: gxxxbi",FALSE,"Wed Jul 20 19:01:58 +0000 2011",39479,1007,5221,FALSE,"https://soundcloud.com/this_is_abstract/illusions-vbstrvct-x-nate-v-prod-by-keyhawn","g ‚ùÅ","Central Time (US & Canada)","en",-21600,485,"_gxbi2glocks"
"851","RT @KateHarding: And here it is: Reasons Why Hillary Clinton Has Earned My Vote https://t.co/HBGNygn9za",193,FALSE,FALSE,"697530500479455232",NA,"<a href=""http://twitter.com"" rel=""nofollow"">Twitter Web Client</a>",FALSE,"Wed Feb 10 21:20:05 +0000 2016",NA,NA,"en",1,FALSE,NA,"397100162","What is this, Horseville? Because I am surrounded by naysayers.",FALSE,"Mon Oct 24 07:26:01 +0000 2011",763,139,167,FALSE,NA,"Emma Marshall","Pacific Time (US & Canada)","en",-28800,434,"emmarshall47"
"883","Jen Gerson: Hillary Clinton‚Äôs feminism problem https://t.co/Chsu9udawN",0,FALSE,FALSE,"697530508452954114",NA,"<a href=""http://twitter.com/download/iphone"" rel=""nofollow"">Twitter for iPhone</a>",FALSE,"Wed Feb 10 21:20:07 +0000 2016",NA,NA,"en",10,FALSE,NA,"3115270649",NA,TRUE,"Wed Mar 25 16:41:33 +0000 2015",6409,497,2422,FALSE,NA,"Victor",NA,"en",NA,2476,"Victor56883135"
"917","RT @MaryBeforeJane: When Hillary Clinton said that #weed should only be available under ""appropriate circumstances""Ì†æÌ¥îÌ†ΩÌ∏íÌ†ΩÌ∏ñÌ†ΩÌ∏≠ https://t.co/m3ZMfW‚Ä¶",1334,FALSE,FALSE,"697530514220036096",NA,"<a href=""http://twitter.com/download/iphone"" rel=""nofollow"">Twitter for iPhone</a>",FALSE,"Wed Feb 10 21:20:08 +0000 2016",NA,NA,"en",6,FALSE,NA,"756015660","I have a thing for light skin guys",FALSE,"Mon Aug 13 23:15:19 +0000 2012",27444,1803,10962,FALSE,"http://ang-xox.tumblr.com","Ang","Central Time (US & Canada)","en",-21600,1245,"Angelaaa_xoxox"
"929","RT @StopNuclearWar: Michelle Alexander, Author of 'The New Jim Crow': Hillary Clinton doesn't deserve the support of black voters https://t‚Ä¶",9,FALSE,FALSE,"697530516296372225",NA,"<a href=""http://www.tweetcaster.com"" rel=""nofollow"">TweetCaster for Android</a>",FALSE,"Wed Feb 10 21:20:09 +0000 2016",NA,NA,"en",5,FALSE," NCCU. Esq.","86417717","..In the midst of opposition, be BRAVE enough to be who you really are..  #BlackLivesMatter #Activist #BlackTwitter #PoliSci",FALSE,"Fri Oct 30 23:15:56 +0000 2009",25621,375,317,FALSE,NA,"Kevin Jay","Eastern Time (US & Canada)","en",-18000,378,"PrinceKevJay"
"931","RT @Suntimes: Hillary Clinton isn't sure what it means to go ""viral."" https://t.co/9CkHMBtkCt https://t.co/C8Y2aevUhH",2,FALSE,FALSE,"697530516191350784",NA,"<a href=""http://twitter.com"" rel=""nofollow"">Twitter Web Client</a>",FALSE,"Wed Feb 10 21:20:09 +0000 2016",NA,NA,"en",22,FALSE,"Moline, IL ","547661012","Producer at #WHBF. Graduate of @LoyolaChicago with a degree in journalism. Love to write, read, laugh, and drink coffee.",TRUE,"Sat Apr 07 14:51:20 +0000 2012",6699,228,1318,FALSE,NA,"Hillary Kenyon","Central Time (US & Canada)","en",-21600,343,"HillaryKenyon"
"961","RT @JohnJAmo1: Take a Look at What a Photographer Spotted on the Ground at Hillary Clinton's N... https://t.co/ctPCuKaNHh via @theblaze",3,FALSE,FALSE,"697530521774071809",NA,"<a href=""http://twitter.com/download/iphone"" rel=""nofollow"">Twitter for iPhone</a>",FALSE,"Wed Feb 10 21:20:10 +0000 2016",NA,NA,"en",12,FALSE,"Fort Myers FL","1954395668","Conservative thinker. Like to stay informed, be aware of world events. Enjoy reading, laughing, creating stained glass, pets, music lover. Tampa Bay Rays fan.",TRUE,"Fri Oct 11 15:10:25 +0000 2013",4913,183,119,FALSE,NA,"trudie lawrence",NA,"en",NA,219,"trudielynnl"
"974","Hillary Clinton ofrece un discurso optimista pese a la derrota en New Hampshire https://t.co/pWQqTXQmFg",0,FALSE,FALSE,"697530523959345152",NA,"<a href=""http://www.hootsuite.com"" rel=""nofollow"">Hootsuite</a>",FALSE,"Wed Feb 10 21:20:11 +0000 2016",NA,NA,"es",1410,TRUE,NA,"1244357988","Noticias globales y √∫ltima hora desde la edici√≥n Am√©rica de EL PA√çS",TRUE,"Tue Mar 05 18:41:17 +0000 2013",38040,82064,32,FALSE,"http://elpais.com/elpais/portada_america.html","EL PAIS Am√©rica","Amsterdam","es",3600,246,"elpais_america"
"984","RT @petejohn10: Assange: A vote for Hillary Clinton is a vote for endless, stupid war https://t.co/BdvPtsaat1",1,FALSE,FALSE,"697530525377024001",NA,"<a href=""http://twitter.com"" rel=""nofollow"">Twitter Web Client</a>",FALSE,"Wed Feb 10 21:20:11 +0000 2016",NA,NA,"en",148,FALSE,"Worldwide","2598298903","Follow for breaking news & battle reports,",FALSE,"Tue Jul 01 17:08:31 +0000 2014",147689,993,2569,FALSE,"https://paper.li/StormBringer15/1426785703","Storm Bringer",NA,"ru",NA,48,"StormBringer15"
"988","RT @LindaSuhler: Why Hillary Clinton Doesn‚Äôt Deserve the Black Vote
#OhHillNo
#WakeUpAmerica
https://t.co/s7Ef5S6g7N
#TCOT https://t.co/8k1‚Ä¶",27,FALSE,FALSE,"697530526488514560",NA,"<a href=""http://twitter.com/download/iphone"" rel=""nofollow"">Twitter for iPhone</a>",FALSE,"Wed Feb 10 21:20:11 +0000 2016",NA,NA,"en",62,FALSE,"New Jersey, USA","3170577155","Trump Supporter, Republican, Health Care Executive, Barry Manilow Fan, Pit Bull Rescuer, Gun Toting, Mom, Wife, No BS! TRUTH & CONSTITUTION!",FALSE,"Wed Apr 15 16:51:44 +0000 2015",42301,1329,44164,FALSE,NA,"manilowgirl",NA,"en",NA,207,"kessmom22"
"997","RT @TalKopan: Former WH spox says Obama is supporting Hillary Clinton: https://t.co/nx2FHU5kiB",9,FALSE,FALSE,"697530527969054720",NA,"<a href=""http://twitter.com"" rel=""nofollow"">Twitter Web Client</a>",FALSE,"Wed Feb 10 21:20:12 +0000 2016",NA,NA,"en",32,FALSE,"√úT: 40.7836,-73.972332","66018063","Howard University Alum, USC Alum, CBS Programming & Development, Inside Edition, Katie Couric Show, Wendy Williams Show, Wendy's Style Squad",TRUE,"Sun Aug 16 01:06:09 +0000 2009",64968,887,950,FALSE,NA,"Ashley Reynolds","Pacific Time (US & Canada)","en",-28800,980,"Ashley_Reynolds"
"1005","Zero zdziwienia. Prez. Barack Obama popiera Hillary Clinton (choƒá oficjalnie nie popiera). https://t.co/EOvmMJ1A9L",0,FALSE,FALSE,"697530530011684864",NA,"<a href=""http://twitter.com/download/iphone"" rel=""nofollow"">Twitter for iPhone</a>",FALSE,"Wed Feb 10 21:20:12 +0000 2016",NA,NA,"pl",86,FALSE,"Muran√≥w, Warszawa","48428312","The whole package. Smart. Legs. Yelling. A charming lady but a product of domestic politics. You know the drill: links & RTs ‚â† endorsements.",FALSE,"Thu Jun 18 17:48:41 +0000 2009",31209,8152,7005,FALSE,"http://300polityka.pl","Paulina Kozlowska","Warsaw","en",3600,537,"powderblush"
"1026","RT @MaryBeforeJane: When Hillary Clinton said that #weed should only be available under ""appropriate circumstances""Ì†æÌ¥îÌ†ΩÌ∏íÌ†ΩÌ∏ñÌ†ΩÌ∏≠ https://t.co/m3ZMfW‚Ä¶",1335,FALSE,FALSE,"697530533623029761",NA,"<a href=""http://twitter.com/download/android"" rel=""nofollow"">Twitter for Android</a>",FALSE,"Wed Feb 10 21:20:13 +0000 2016",NA,NA,"en",11,FALSE,NA,"2742046073","If you wanna hear REAL music, go cop This Thing Called Life now!",TRUE,"Wed Aug 13 20:28:05 +0000 2014",55946,961,36407,FALSE,NA,"Formation","Eastern Time (US & Canada)","en",-18000,298,"princessd0123"
"1084","El final de la magia de los Clinton: El desastre de Hillary Clinton en New Hampshire ha sembrado dudas sobre u... https://t.co/JhUL7t6pnE",0,FALSE,FALSE,"697530542691000320",NA,"<a href=""http://twitterfeed.com"" rel=""nofollow"">twitterfeed</a>",FALSE,"Wed Feb 10 21:20:15 +0000 2016",NA,NA,"es",68,FALSE,"iPhone: 47.533035,8.474716","33225158","Real Estate Developer, interested in sustainable projects, energy efficieny and green environment, Parhouse GmbH.",TRUE,"Sun Apr 19 15:28:34 +0000 2009",137019,1907,30,FALSE,"http://wefollow.com/Parhouse","Pablo Paredes","Bern","en",3600,1751,"Parhouse"
"1085","Hillary Clinton is banking on an improved organization this time to win the Iowa caucus",0,FALSE,FALSE,"697530543253151744",NA,"<a href=""http://twitter.com"" rel=""nofollow"">Twitter Web Client</a>",FALSE,"Wed Feb 10 21:20:15 +0000 2016",NA,NA,"en",0,FALSE,"Hawaii","2818585298","We are a 5 person  boutique  studio.",FALSE,"Fri Sep 19 01:01:30 +0000 2014",1,2,0,FALSE,"http://www.zzhousedesign.com","ZZHOUSE","Pacific Time (US & Canada)","en",-28800,24,"ZZHousp"
"1097","Hillary Clinton: Aus der Zeit gefallen - ZEIT ONLINE https://t.co/8fQWQTIHDR | https://t.co/nZr3Uaa7Tn https://t.co/Ir72aQFsah",0,FALSE,FALSE,"697530545148862464",NA,"<a href=""http://twibble.io"" rel=""nofollow"">Twibble.io</a>",FALSE,"Wed Feb 10 21:20:16 +0000 2016",NA,NA,"de",8,FALSE,"Germany","3187583517","Aktuelle #Nachrichten alle #15 Minuten.",FALSE,"Mon Apr 20 16:49:22 +0000 2015",6125,5,0,FALSE,"http://pffweb.tk","PFF","Pacific Time (US & Canada)","de",-28800,0,"PFFweb"
"1103","Interesting food for thought -- Why Hillary Clinton Doesn‚Äôt Deserve the Black Vote https://t.co/U7y4KvBtFw",0,FALSE,FALSE,"697530546730176512",NA,"<a href=""http://bufferapp.com"" rel=""nofollow"">Buffer</a>",FALSE,"Wed Feb 10 21:20:16 +0000 2016",NA,NA,"en",7,FALSE,"Kanye West Island - Wondaland","83784031","i like pretty things. IG: @theelastpaige",TRUE,"Tue Oct 20 06:34:16 +0000 2009",26968,129,439,FALSE,NA,"electric lady.","Eastern Time (US & Canada)","en",-18000,283,"TheelastPAIGE"
"1105","RT @ProGloCommons: Here's why black people should think twice before voting for Hillary Clinton   https://t.co/HFtwaQUkt6 #ows #occupyseatt‚Ä¶",3,FALSE,FALSE,"697530547384373248",NA,"<a href=""http://twitter.com/download/android"" rel=""nofollow"">Twitter for Android</a>",FALSE,"Wed Feb 10 21:20:16 +0000 2016",NA,NA,"en",23,FALSE,NA,"581468642","Bringing down the oligarchy, protect our mother earth, support the 99%,deconstruct white supremacy, Chicana, La Raza, DEMOCRATA #climatechange #humanrights",FALSE,"Wed May 16 03:11:02 +0000 2012",19669,788,8941,FALSE,NA,"DiablaMorena","Mountain Time (US & Canada)","en",-25200,1110,"conlimonisal"
"1110","El final de la magia de los Clinton: El desastre de Hillary Clinton en New Hampshire ha sembrado dudas sobre u... https://t.co/QvgWPAhoFt",0,FALSE,FALSE,"697530548038688769",NA,"<a href=""http://twitterfeed.com"" rel=""nofollow"">twitterfeed</a>",FALSE,"Wed Feb 10 21:20:16 +0000 2016",NA,NA,"es",4,FALSE,"Monterrey, Nuevo Le√≥n","335968473","Mi vida se vive al d√≠a, haz las cosas y no te arrepientas de algo que nunca hiciste",FALSE,"Fri Jul 15 14:54:50 +0000 2011",7715,954,11,FALSE,NA,"Selene Ortega","Mexico City","es",-21600,1302,"OrtegaMimi"
"6","@HillaryClinton @TheLeadCNN . Free or Much Cheaper National &amp; Secure/Efficient WiFi a Goal Of Millennial Voters To Fuel The 'GIG' Economy.",0,FALSE,FALSE,"697530319402983424","RC5251","<a href=""http://twitter.com"" rel=""nofollow"">Twitter Web Client</a>",FALSE,"Wed Feb 10 21:19:22 +0000 2016","697529394231836676","563760715","en",47,FALSE,NA,"563760715","Earthling. Born in Louisville, KY. Living In Denver. Abstract Artist & Thinker. Still Waking Up After Years Of Boozing. Progressive Pagan. GEN Xer",FALSE,"Thu Apr 26 14:17:08 +0000 2012",97181,885,1566,FALSE,NA,"Robert Craig","Mountain Time (US & Canada)","en",-25200,1435,"RC5251"
"11","@seanspicer @HillaryClinton could a president be impeached for announcing after elected,that they were Now The First Lesbian President of US",0,FALSE,FALSE,"697530321487712259","seanspicer","<a href=""http://twitter.com"" rel=""nofollow"">Twitter Web Client</a>",FALSE,"Wed Feb 10 21:19:22 +0000 2016","697226283982462976","20776147","en",2,FALSE,"Ottawa canada","24616501",NA,FALSE,"Mon Mar 16 00:28:31 +0000 2009",474,33,8,FALSE,NA,"Paul Dooling","Quito","en",-18000,345,"ey804paul"
"28","RT @RealJamesWoods: While the #lib #lapdog #media swoon at @HillaryClinton's every cackle, Catherine Herridge is quietly winning the war ht‚Ä¶",93,FALSE,FALSE,"697530324725555200",NA,"<a href=""http://twitter.com/#!/download/ipad"" rel=""nofollow"">Twitter for iPad</a>",FALSE,"Wed Feb 10 21:19:23 +0000 2016",NA,NA,"en",33,FALSE,NA,"2355250290",NA,FALSE,"Fri Feb 21 19:39:41 +0000 2014",32088,166,27103,FALSE,NA,"Jim",NA,"en",NA,127,"Jimhengstenberg"
"46","It's really great that #HillaryClinton shows panic. That's a first step to get rid of her from our political scene! https://t.co/PSxct7O3aa",0,FALSE,FALSE,"697530327355551745",NA,"<a href=""http://twitter.com"" rel=""nofollow"">Twitter Web Client</a>",FALSE,"Wed Feb 10 21:19:24 +0000 2016",NA,NA,"en",8,FALSE,"Greece","436938596","Policy Analyst - Fields: Greek Politics; US Foreign Policy; Program Evaluation; Coaching.    
RT does not imply endorsement.",TRUE,"Wed Dec 14 19:24:46 +0000 2011",1612,63,588,FALSE,NA,"Angelos Themelis",NA,"en",NA,109,"AngelosThemelis"
"62","@DanaTheBlaze @HillaryClinton In prison.",0,FALSE,FALSE,"697530331558051841","DanaTheBlaze","<a href=""http://twitter.com"" rel=""nofollow"">Twitter Web Client</a>",FALSE,"Wed Feb 10 21:19:25 +0000 2016","697518797066866688","2279339120","fr",3,FALSE,"Paducah, KY","345130590","Fan of Paducah progress for more than a decade.",TRUE,"Sat Jul 30 03:17:26 +0000 2011",5845,47,215,FALSE,NA,"James McAfee",NA,"en",NA,159,"eraser48"
"67","@ImAngelaBassett @CourtneyBVance @HillaryClinton @HillaryforSC Ì†ΩÌ∏çÌ†ΩÌ∏çÌ†ΩÌ∏çÌ†ΩÌ∏çÌ†ΩÌ∏ç",0,FALSE,FALSE,"697530332611022850","ImAngelaBassett","<a href=""http://twitter.com/download/android"" rel=""nofollow"">Twitter for Android</a>",FALSE,"Wed Feb 10 21:19:25 +0000 2016","697525779312160768","1128218821","und",0,FALSE,NA,"203366197",NA,FALSE,"Sat Oct 16 03:11:09 +0000 2010",365,136,1218,FALSE,NA,"Paula Sofia","Quito","en",-18000,111,"md_sofia"
"74","RT @ImAngelaBassett: Hey Everybody, you good?@CourtneyBVance, the twins&amp;I: standing proud w/@HillaryClinton! @HillaryforSC #HillaryforALL h‚Ä¶",57,FALSE,FALSE,"697530334360031233",NA,"<a href=""http://twitter.com"" rel=""nofollow"">Twitter Web Client</a>",FALSE,"Wed Feb 10 21:19:25 +0000 2016",NA,NA,"en",59,FALSE,"Vermont","1897239480","R.N.-Retired. Wife to super smart & humble guy, Mom to 4 great kids. Catholic, Pro-Life,",TRUE,"Mon Sep 23 13:12:29 +0000 2013",27474,486,66,FALSE,NA,"JB",NA,"en",NA,1326,"6nsinvt"
"81","RT @LiberalMormon: Young Voters Abandon @HillaryClinton for @BernieSanders https://t.co/kFQgWQmuhe via @whohd #notmeus #feelthebern #bernie‚Ä¶",7,FALSE,FALSE,"697530335865741312",NA,"<a href=""https://roundteam.co"" rel=""nofollow"">RoundTeam</a>",FALSE,"Wed Feb 10 21:19:26 +0000 2016",NA,NA,"en",134,FALSE,NA,"833558286","#Progressive,#Humanist,#Caregiver, #Volunteer,Native NYer,Adopt don't Shop, Mostly tweeting about Politics #Bernie2016 RTs do not always imply endorsement.",TRUE,"Wed Sep 19 15:25:17 +0000 2012",53884,1222,5384,FALSE,NA,"Polly Antics","Eastern Time (US & Canada)","en",-18000,986,"pollyantics"
"115","@NewsHour please ask @HillaryClinton #DemDebate if she'll accept nomination if @BernieSanders wins pledged delegates but supers toss 2 her",0,FALSE,FALSE,"697530341305643008","NewsHour","<a href=""http://twitter.com/download/android"" rel=""nofollow"">Twitter for Android</a>",FALSE,"Wed Feb 10 21:19:27 +0000 2016","696771504134983680","14437914","en",0,FALSE,"Alabama","2918752020",NA,FALSE,"Thu Dec 04 15:46:56 +0000 2014",42,3,168,FALSE,NA,"Brian Lee",NA,"en",NA,27,"f7866259c89b45c"
"116","@seanspicer @HillaryClinton @washingtonpost @TheFix funny writer writes nout ""email problem"" &amp; neglects Powell &amp; Rice did same thing",0,FALSE,FALSE,"697530341779759104","seanspicer","<a href=""http://twitter.com"" rel=""nofollow"">Twitter Web Client</a>",FALSE,"Wed Feb 10 21:19:27 +0000 2016","697495573482475524","20776147","en",13,FALSE,"USA","126697539","I am the author of A PAINED LIFE, a chronic pain journey and founder of Women In Pain Awareness group on FB",FALSE,"Fri Mar 26 18:13:01 +0000 2010",10483,148,467,FALSE,"http://apainedlife.blogspot.com/","carol levy","Quito","en",-18000,38,"leejcaroll"
"121","RT @NursesGroup: #BillClinton #HillaryClinton #ClintonsOutOfTouch #ClintonLies #Hilpocrisy #OhHillNo #Benghazi https://t.co/nWAWwIiLVy",1,FALSE,FALSE,"697530342702362624",NA,"<a href=""http://twitter.com/#!/download/ipad"" rel=""nofollow"">Twitter for iPad</a>",FALSE,"Wed Feb 10 21:19:27 +0000 2016",NA,NA,"und",47,FALSE,NA,"3111009699","God Bless America !",FALSE,"Tue Mar 24 17:59:38 +0000 2015",54722,1034,4550,FALSE,NA,"Jane",NA,"en",NA,1364,"CallMeMyLady"
"147","RT @CNNSitRoom: Former White House press secretary Jay Carney says @POTUS supports @HillaryClinton https://t.co/KCCR6m1UV1 https://t.co/vkg‚Ä¶",1,FALSE,FALSE,"697530350042533888",NA,"<a href=""http://twitter.com"" rel=""nofollow"">Twitter Web Client</a>",FALSE,"Wed Feb 10 21:19:29 +0000 2016",NA,NA,"en",30,FALSE,"United States","350324591","#DFS is my life.  My kids say I'm old..my license says I'm 51.  It's all relative.   Occasionally talk in song lyrics. My first vote was Reagan in '84.#CRUZCREW",FALSE,"Sun Aug 07 15:49:47 +0000 2011",13478,925,3216,FALSE,NA,"Calvin Collier","Eastern Time (US & Canada)","en",-18000,917,"PreEmptivStrike"
"154","RT @RealJamesWoods: Only these disgusting pigs would leave the American flag on the ground like a rag. @HillaryClinton #ShameOnYou  https:/‚Ä¶",113,FALSE,FALSE,"697530351082717185",NA,"<a href=""http://twitter.com/download/android"" rel=""nofollow"">Twitter for Android</a>",FALSE,"Wed Feb 10 21:19:29 +0000 2016",NA,NA,"en",22,FALSE,NA,"77688823","Wake up Americans! We're in Deep Trouble!! #TRUMP 2016 #MAKE AMERICA GREAT AGAIN!! GOD ,FAMILY, AND COUNTRY. FLORIDA USA",TRUE,"Sun Sep 27 07:47:25 +0000 2009",4208,183,32,FALSE,NA,"Carmen",NA,"en",NA,164,"Angelgtr1"
"173","@HillaryClinton @billclinton @ChelseaClinton This sums up the whole Clinton clan mind set. https://t.co/7Aw5XlrFTF",0,FALSE,FALSE,"697530354383482882","HillaryClinton","<a href=""http://twitter.com/download/android"" rel=""nofollow"">Twitter for Android</a>",FALSE,"Wed Feb 10 21:19:30 +0000 2016",NA,"1339835893","en",50,FALSE,"Los Angeles, California","29609843","Do... or do not. There is no try. Scottish American, disabled Vietnam veteran, patriot and martial arts instructor.",FALSE,"Wed Apr 08 01:57:39 +0000 2009",34160,438,179,FALSE,NA,"Michael L Cunningham","Pacific Time (US & Canada)","en",-28800,137,"Redgtosamurai"
"186","RT @dollyp724: This was my meme from a while back...  Rings true always, especially, for @HillaryClinton! 
#ImStillStanding #HRC https://t.‚Ä¶",27,FALSE,FALSE,"697530357244100608",NA,"<a href=""http://twitter.com"" rel=""nofollow"">Twitter Web Client</a>",FALSE,"Wed Feb 10 21:19:31 +0000 2016",NA,NA,"en",45,FALSE,"pittsburgh, pennsylvania","2861426208","TO YOU FROM FAILING HANDS WE THROW THE TORCH BE YOURS TO HOLD IT HIGH",FALSE,"Fri Oct 17 23:37:38 +0000 2014",13612,434,13519,FALSE,NA,"kenneth d mansfield",NA,"en",NA,1002,"kdmhabs1963"
"192","RT @RealJamesWoods: Only these disgusting pigs would leave the American flag on the ground like a rag. @HillaryClinton #ShameOnYou  https:/‚Ä¶",114,FALSE,FALSE,"697530359995621380",NA,"<a href=""http://twitter.com/download/iphone"" rel=""nofollow"">Twitter for iPhone</a>",FALSE,"Wed Feb 10 21:19:31 +0000 2016",NA,NA,"en",14,FALSE,"England","1087298454","animal lover, political activist for UKIP & campaigner to Get Britain Out of The EU",FALSE,"Sun Jan 13 21:48:37 +0000 2013",7500,260,5197,FALSE,NA,"Helen Walker",NA,"en",NA,107,"helenhaywalker"
"200","@maddow @HillaryClinton My only fear. BS wins and dies in office or starts talking to the walls via Reagan again. Too old for Potus 8 years.",0,FALSE,FALSE,"697530362067439616","maddow","<a href=""http://twitter.com"" rel=""nofollow"">Twitter Web Client</a>",FALSE,"Wed Feb 10 21:19:32 +0000 2016","696831788749078528","16129920","en",0,FALSE,NA,"570156595",NA,FALSE,"Thu May 03 17:43:44 +0000 2012",1948,12,0,FALSE,"https://www.facebook.com/Mitchell201112","Democrats United",NA,"en",NA,47,"DemocratsU"
"204","RT @RealJamesWoods: Only these disgusting pigs would leave the American flag on the ground like a rag. @HillaryClinton #ShameOnYou  https:/‚Ä¶",115,FALSE,FALSE,"697530362923196417",NA,"<a href=""http://www.twitter.com"" rel=""nofollow"">Twitter for Windows Phone</a>",FALSE,"Wed Feb 10 21:19:32 +0000 2016",NA,NA,"en",2,FALSE,"Jasper","14165357",NA,TRUE,"Mon Mar 17 19:47:31 +0000 2008",1984,100,27,FALSE,NA,"Brian Russell","Central Time (US & Canada)","en",-21600,209,"BLRussell"
"222","RT @RealJamesWoods: Only these disgusting pigs would leave the American flag on the ground like a rag. @HillaryClinton #ShameOnYou  https:/‚Ä¶",116,FALSE,FALSE,"697530366018498560",NA,"<a href=""http://twitter.com/download/android"" rel=""nofollow"">Twitter for Android</a>",FALSE,"Wed Feb 10 21:19:33 +0000 2016",NA,NA,"en",50,FALSE,"Los Angeles, California","29609843","Do... or do not. There is no try. Scottish American, disabled Vietnam veteran, patriot and martial arts instructor.",FALSE,"Wed Apr 08 01:57:39 +0000 2009",34161,438,179,FALSE,NA,"Michael L Cunningham","Pacific Time (US & Canada)","en",-28800,137,"Redgtosamurai"
"247","2 prominent black Intellectuals just came out against @HillaryClinton  READ: https://t.co/gweTqjFMI8 #Bernie #BernieSanders #feelthebern",0,FALSE,FALSE,"697530370032439296",NA,"<a href=""http://twitter.com"" rel=""nofollow"">Twitter Web Client</a>",FALSE,"Wed Feb 10 21:19:34 +0000 2016",NA,NA,"en",42,FALSE,"Sebastopol, CA","3238997988",NA,TRUE,"Sun Jun 07 16:29:08 +0000 2015",3644,142,1791,FALSE,NA,"Leslie Christianer",NA,"en",NA,141,"LChristianer"
"254","HillaryClinton Doesn‚Äôt Deserve #AfricanAmerican Vote.Her Policies decimated lives https://t.co/7nun0J4tdu #SouthCarolinaPrimary #Hillary2016",0,FALSE,FALSE,"697530371232165889",NA,"<a href=""http://twitter.com"" rel=""nofollow"">Twitter Web Client</a>",FALSE,"Wed Feb 10 21:19:34 +0000 2016",NA,NA,"en",119,FALSE,"United Kingdom","527949804","#CDCWhistleblower Says MMR vaccine Causing 1/50 Children To Have Autism http://bit.ly/1tgCmic Vaccines Cause #SIDS & NOT Safe/Effective http://bit.ly/HP829O",TRUE,"Sat Mar 17 23:46:59 +0000 2012",13829,8479,14186,FALSE,NA,"Nin","London","en",0,2224,"NinHorrox"
"260","RT @BrynneCraig: Jay Carney: @BarackObama wants @HillaryClinton to win #imwithher #hillary2016 https://t.co/3iN0jSNbUn",11,FALSE,FALSE,"697530372859568128",NA,"<a href=""http://twitter.com/download/iphone"" rel=""nofollow"">Twitter for iPhone</a>",FALSE,"Wed Feb 10 21:19:35 +0000 2016",NA,NA,"en",1,FALSE,"North Carolina, USA","3679704142","Interested in people and political absurdity!  Goal: Surviving without losing my sense of humor!",FALSE,"Wed Sep 16 23:20:13 +0000 2015",1433,114,1759,FALSE,NA,"Shar",NA,"en",NA,453,"sh4joy"
"261","@KatrinaNation #FeelTheBern @HillaryClinton said, show her 1 case where #WallSt $ changed her position. ElizWarren: https://t.co/tbfwC3PfqJ",0,FALSE,FALSE,"697530372985372672","KatrinaNation","<a href=""http://twitter.com"" rel=""nofollow"">Twitter Web Client</a>",FALSE,"Wed Feb 10 21:19:35 +0000 2016",NA,"59159771","en",10,FALSE,"VA","610268893","Progressive Democrat activist; take back our government from greedy corporations & extremist Repubs; love western wildlands; fight for envir quality.",FALSE,"Sat Jun 16 20:45:29 +0000 2012",1424,51,305,FALSE,NA,"T R Sopher Sr","Eastern Time (US & Canada)","en",-18000,220,"TRSopherSr"
"266","HillaryClinton Doesn‚Äôt Deserve #AfricanAmerican Vote.Her Policies decimated lives https://t.co/EY8WDV0216 #SouthCarolinaPrimary #Hillary2016",0,FALSE,FALSE,"697530373681586177",NA,"<a href=""http://linkis.com"" rel=""nofollow"">Linkis.com</a>",FALSE,"Wed Feb 10 21:19:35 +0000 2016",NA,NA,"en",119,FALSE,"United Kingdom","527949804","#CDCWhistleblower Says MMR vaccine Causing 1/50 Children To Have Autism http://bit.ly/1tgCmic Vaccines Cause #SIDS & NOT Safe/Effective http://bit.ly/HP829O",TRUE,"Sat Mar 17 23:46:59 +0000 2012",13830,8479,14186,FALSE,NA,"Nin","London","en",0,2224,"NinHorrox"
"275","@HillaryClinton YES, I am with her. this just make us want fight more with the enemies.",0,FALSE,FALSE,"697530375682203648","HillaryClinton","<a href=""http://twitter.com"" rel=""nofollow"">Twitter Web Client</a>",FALSE,"Wed Feb 10 21:19:35 +0000 2016","697260464301064193","1339835893","en",0,FALSE,NA,"4889563032",NA,FALSE,"Wed Feb 10 21:13:52 +0000 2016",2,1,0,FALSE,NA,"xiaoyangzhang",NA,"en",NA,60,"xiaoyangzhang09"
"284","RT @cp2austin: #HillaryClinton has been down in trenches fighting for #CivilRights &amp; #ImmigrationReform. She is more than a 1 issue candida‚Ä¶",1,FALSE,FALSE,"697530378253422592",NA,"<a href=""http://twitter.com"" rel=""nofollow"">Twitter Web Client</a>",FALSE,"Wed Feb 10 21:19:36 +0000 2016",NA,NA,"en",129,FALSE,NA,"1246900826","Philosopher, liberal, animal lover, not a theist. Can't follow all I would like to follow.",FALSE,"Wed Mar 06 19:57:35 +0000 2013",44358,2139,293749,FALSE,NA,"cscstars","Eastern Time (US & Canada)","en",-18000,1331,"cscstars"
"308","RT @IngrahamAngle: Bernie's massive lead among young voters means today is ""Code Pantsuit RED"" in @HillaryClinton HQ.",83,FALSE,FALSE,"697530383684927488",NA,"<a href=""http://twitter.com/download/android"" rel=""nofollow"">Twitter for Android</a>",FALSE,"Wed Feb 10 21:19:37 +0000 2016",NA,NA,"en",0,FALSE,NA,"2558017396",NA,FALSE,"Wed May 21 23:39:47 +0000 2014",103,4,122,FALSE,NA,"Jill Jukes",NA,"en",NA,9,"jj_jukes"
"3111","Hillary Clinton BLACKMAILING the Press : PROOF! https://t.co/BIKEHTBaNL #HillaryClinton #BernieSanders #FeelTheBern #ImWithHer #NVcaucus",0,FALSE,FALSE,"697530383651442688",NA,"<a href=""https://about.twitter.com/products/tweetdeck"" rel=""nofollow"">TweetDeck</a>",FALSE,"Wed Feb 10 21:19:37 +0000 2016",NA,NA,"en",21,FALSE,NA,"4765080481","Feel The Burn!",FALSE,"Fri Jan 15 22:39:27 +0000 2016",1704,94,58,FALSE,NA,"Burny Cinders",NA,"en-gb",NA,78,"BurnyCinders"
"327","RT @CNNSitRoom: Former White House press secretary Jay Carney says @POTUS supports @HillaryClinton https://t.co/KCCR6m1UV1 https://t.co/vkg‚Ä¶",2,FALSE,FALSE,"697530387820646400",NA,"<a href=""http://twitter.com"" rel=""nofollow"">Twitter Web Client</a>",FALSE,"Wed Feb 10 21:19:38 +0000 2016",NA,NA,"en",1234,TRUE,"Washington, DC","22771961","CNN's Senior White House Correspondent.",TRUE,"Wed Mar 04 13:48:04 +0000 2009",20913,42094,1396,FALSE,"http://www.cnn.com","Jim Acosta","Eastern Time (US & Canada)","en",-18000,2199,"Acosta"
"334","RT @the_intercept: Bill and @HillaryClinton have  made at least $139M from speeches, including $35M from the financial sector. https://t.co‚Ä¶",649,FALSE,FALSE,"697530389372497920",NA,"<a href=""http://www.twitter.com"" rel=""nofollow"">Twitter for Windows Phone</a>",FALSE,"Wed Feb 10 21:19:38 +0000 2016",NA,NA,"en",2,FALSE,NA,"494616780","tajin people",FALSE,"Fri Feb 17 02:45:07 +0000 2012",2594,113,1184,FALSE,NA,"Leighann Willoughby","Eastern Time (US & Canada)","en",-18000,53,"LeighannWillo"
"371","@TheLastWord @CarlyFiorina good all you did was go after @HillaryClinton and attack Planned Parenthood, you had no campaign. No POTUS for U",0,FALSE,FALSE,"697530397140381701","TheLastWord","<a href=""https://twitter.com/download/android"" rel=""nofollow"">Twitter for Android Tablets</a>",FALSE,"Wed Feb 10 21:19:40 +0000 2016","697527051457323008","182503471","en",259,FALSE,"somewhere in South Jersey...","432253868","Liberal Lesbian Living Life Left. Trying to be a good person but not easy... PTSD-MST, Major Depression, ADVOCATE...",FALSE,"Fri Dec 09 06:16:57 +0000 2011",35853,971,35091,FALSE,NA,"LA TODAY","Eastern Time (US & Canada)","en",-18000,2111,"LynnCEO"
"375","RT @RealJamesWoods: While the #lib #lapdog #media swoon at @HillaryClinton's every cackle, Catherine Herridge is quietly winning the war ht‚Ä¶",94,FALSE,FALSE,"697530397807083520",NA,"<a href=""http://twitter.com/download/android"" rel=""nofollow"">Twitter for Android</a>",FALSE,"Wed Feb 10 21:19:40 +0000 2016",NA,NA,"en",0,FALSE,"California","4247752213","Husband, father, cacer fighter.",FALSE,"Sun Nov 15 17:12:49 +0000 2015",43,12,736,FALSE,NA,"Rudolph Rangel Jr",NA,"en",NA,24,"rudes54"
"382","RT @elizabethforma: .@HillaryClinton is right to fight GOP efforts to sneak financial reform rollbacks into the funding bill. https://t.co/‚Ä¶",1041,FALSE,FALSE,"697530399480745986",NA,"<a href=""http://twitter.com/download/iphone"" rel=""nofollow"">Twitter for iPhone</a>",FALSE,"Wed Feb 10 21:19:41 +0000 2016",NA,NA,"en",56,FALSE,"Theres No Place Like Home‚ú®‚ù§Ô∏è","845893680","@LinkinPark Soldier‚ú®‚ù§Ô∏è #AlternativeRock #AnimalRights @MickeyOtis is #MyFigure09‚ú®‚ù§Ô∏è #Vegan #Progressive #Liberal #Hillary2016‚ú® #ImWithHer #UniteBlue",TRUE,"Tue Sep 25 17:16:40 +0000 2012",89643,2744,58156,FALSE,NA,"PattyOtis.09‚ù§Ô∏è",NA,"en",NA,2644,"grammy4lphhl"
"402","WOW.... Blithering IDIOT @CoryBooker says only George Washington as qualified as @HillaryClinton to be President.

https://t.co/DoaKTIAxbC",0,FALSE,FALSE,"697530403838652416",NA,"<a href=""http://twitter.com"" rel=""nofollow"">Twitter Web Client</a>",FALSE,"Wed Feb 10 21:19:42 +0000 2016",NA,NA,"en",131,FALSE,"Florida","1146358172","Constitutional Conservative. The Patriotic follow me. The Courageous retweet me. Do not comply!",FALSE,"Sun Feb 03 22:04:05 +0000 2013",9657,18929,0,FALSE,NA,"Pantano's Law","Eastern Time (US & Canada)","en",-18000,19229,"PantanoLaw"
"428","@RealJamesWoods @HillaryClinton Pretty much sums up their views of America....",0,FALSE,FALSE,"697530409442107392","RealJamesWoods","<a href=""http://twitter.com"" rel=""nofollow"">Twitter Web Client</a>",FALSE,"Wed Feb 10 21:19:43 +0000 2016","697529138005970944","78523300","en",21,FALSE,"Montana","21231446","Writer, photographer, gamer, scientist, procrastinator.  I am The Next To The Last of the Time Lords...
https://t.co/eFMeguUbmx
https://t.co/5iGppggX3u",TRUE,"Wed Feb 18 19:32:07 +0000 2009",8508,405,7117,FALSE,"https://www.youtube.com/user/Maastrichian","Maas Aeon","Mountain Time (US & Canada)","en",-25200,303,"MaasAeon"
"470","As my friend would say, ""even if you had gone to Walmart and steal, when you get out he would still be voting for you"". #HillaryClinton",0,FALSE,FALSE,"697530418891853824",NA,"<a href=""http://twitter.com/download/android"" rel=""nofollow"">Twitter for Android</a>",FALSE,"Wed Feb 10 21:19:46 +0000 2016",NA,NA,"en",0,FALSE,NA,"2465456764",NA,TRUE,"Sun Apr 06 18:20:03 +0000 2014",155,9,12,FALSE,NA,"Sandy Bailey",NA,"en",NA,36,"delrose2014"
"475","@adirado29 @CNN @HillaryClinton a lot of media coverage. Still Hillary should have the advantage in the more diverse states.",0,FALSE,FALSE,"697530420909498368","adirado29","<a href=""http://twitter.com"" rel=""nofollow"">Twitter Web Client</a>",FALSE,"Wed Feb 10 21:19:46 +0000 2016","697506508972650496","19802846","en",37,FALSE,"GLASGOW","50366098","Big tennis fan particularly Andy Murray, also  proud supporter Equality/Human Rights. Good sense of humour and into TV, Technology,Theatre, Music,Films.",TRUE,"Wed Jun 24 17:10:13 +0000 2009",26021,710,3663,FALSE,NA,"JAMES","London","en",0,1228,"jake98645"
"487","From a @BernieSanders volunteer to a declared @HillaryClinton supporter!

@CNNPolitics @CNBC @FoxNews @TheDailyShow https://t.co/P6JnPZZjwq",0,FALSE,FALSE,"697530422234738688",NA,"<a href=""http://twitter.com/download/android"" rel=""nofollow"">Twitter for Android</a>",FALSE,"Wed Feb 10 21:19:46 +0000 2016",NA,NA,"en",0,FALSE,"Gerrd Dermm!","4452082042","Fk'n Gerrd.",FALSE,"Fri Dec 11 20:33:37 +0000 2015",46,13,37,FALSE,"https://youtu.be/Hy-sVByUHqE","OhMah Gerrd!","Pacific Time (US & Canada)","en",-28800,123,"Ohmah_Gerrd"
"495","@RN_Keene But she'll go on the speaking circuit now. That's what they do. But only @HillaryClinton gets blamed for it.",0,FALSE,FALSE,"697530424780664832","RN_Keene","<a href=""http://twitter.com/download/iphone"" rel=""nofollow"">Twitter for iPhone</a>",FALSE,"Wed Feb 10 21:19:47 +0000 2016","697529905131753473","33631811","en",58,FALSE,NA,"242958904","Political junkie; progressive liberal; blocked by #LizCheney #ChuckTodd #DonaldTrump & #KimDavis atty #MatStaver! No RWNJs pls.  #UniteBlue #WarOnWomen #PP #ACA",TRUE,"Wed Jan 26 00:15:38 +0000 2011",40729,2565,19503,FALSE,NA,"Nikki",NA,"en",NA,2746,"jrpaws"
"507","@thehill @HillaryClinton Ì†ΩÌ∂ïÌ†ºÌøº",0,FALSE,FALSE,"697530428920631297","thehill","<a href=""http://twitter.com/download/iphone"" rel=""nofollow"">Twitter for iPhone</a>",FALSE,"Wed Feb 10 21:19:48 +0000 2016","697528731221491712","1917731","und",8,FALSE,"Some place where it's 5:00","2833019807","USF '19 ZBT | The Gym Is My Church | Social Liberalism | Secular Humanism | Yuppie | Pink Floyd | Die Hard Mets Fan | Live life with a sense of joy and wonder",TRUE,"Thu Oct 16 01:39:47 +0000 2014",3064,294,5365,FALSE,NA,"Wooderson","Eastern Time (US & Canada)","en",-18000,535,"SergioTheCuban"
"513","RT @RealJamesWoods: Only these disgusting pigs would leave the American flag on the ground like a rag. @HillaryClinton #ShameOnYou  https:/‚Ä¶",117,FALSE,FALSE,"697530429125955584",NA,"<a href=""http://twitter.com"" rel=""nofollow"">Twitter Web Client</a>",FALSE,"Wed Feb 10 21:19:48 +0000 2016",NA,NA,"en",84,FALSE,"Florida","860311272","Constitutional conservative, father, grandfather, concerned citizen",FALSE,"Wed Oct 03 20:46:41 +0000 2012",80191,880,22,FALSE,NA,"James Sandiford",NA,"en",NA,977,"JamesSandiford2"
"525","RT @Merlyn43: Michael Moore has a good point about #HillaryClinton https://t.co/C8wQ8wd8TO",1,FALSE,FALSE,"697530431730814976",NA,"<a href=""http://twitter.com"" rel=""nofollow"">Twitter Web Client</a>",FALSE,"Wed Feb 10 21:19:49 +0000 2016",NA,NA,"en",262,FALSE,NA,"2608043178",NA,FALSE,"Sun Jul 06 18:31:09 +0000 2014",97803,4656,3,FALSE,NA,"Sam Adams","Eastern Time (US & Canada)","en",-18000,4306,"Teapublicanways"
"526","@Nathantaft @NicoleJeanLTL @HillaryClinton ""I'll look into it."" Is Romney speak for ""None of your damn business. Now get me more champagne.""",0,FALSE,FALSE,"697530431273447426","Nathantaft","<a href=""http://twitter.com/download/android"" rel=""nofollow"">Twitter for Android</a>",FALSE,"Wed Feb 10 21:19:48 +0000 2016","697524854438830081","441792136","en",3,FALSE,"Hemet CA","39051086",NA,TRUE,"Sun May 10 14:11:10 +0000 2009",2591,128,703,FALSE,NA,"Richard Dickinson","Tehran","en",12600,334,"RMD1035"
"533","So if I understand the #HillaryClinton pundits nobody cares about the #FBI investigation! So she would be doing this bad on her own? STFD!",0,FALSE,FALSE,"697530434561789952",NA,"<a href=""http://twitter.com"" rel=""nofollow"">Twitter Web Client</a>",FALSE,"Wed Feb 10 21:19:49 +0000 2016",NA,NA,"en",30,FALSE,"Lake Arrowhead, CA Native","2322798020","#Tcot Patriot Love God, Family & USA. Conservative POTUS 2016. Fix the Economy, 1st & 2nd Amend,0 immigration Policy #Berdoo2 #SB14 #Prayers4SB #OpenEyes #WUA",TRUE,"Sat Feb 01 19:48:06 +0000 2014",9132,3640,635,FALSE,NA,"Joe Lewis","Pacific Time (US & Canada)","en",-28800,4085,"BigMouthJoe"
"556","You Gotta understand, these people, @BillGates, @HillaryClinton , Rockefeller, Kissinger, Bush, #FDA, #CDC etc they want the best for you!",0,FALSE,FALSE,"697530439846617088",NA,"<a href=""http://twitterrific.com"" rel=""nofollow"">Twitterrific</a>",FALSE,"Wed Feb 10 21:19:51 +0000 2016",NA,NA,"en",73,FALSE,"The Universe","75903151","Observer of the enslaved planet Earth. I do not intervene on Earth Humans affairs; They'll learn with time...",FALSE,"Sun Sep 20 23:31:42 +0000 2009",37394,1275,618,FALSE,NA,"Silver Surfer","Pacific Time (US & Canada)","en",-28800,309,"AlexLFz"
"565","@birdgirl1001 And @nytimes, @washingtonpost and other papers wonder why they're dying. @HillaryClinton",0,FALSE,FALSE,"697530441532706816","birdgirl1001","<a href=""http://twitter.com/#!/download/ipad"" rel=""nofollow"">Twitter for iPad</a>",FALSE,"Wed Feb 10 21:19:51 +0000 2016","697456067039621121","922047036","en",464,FALSE,NA,"275714700","Feminist. Liberal. Voter. |
Don't agonize, ORGANIZE. - Flo Kennedy 
#Prochoice #UniteWomen #UniteBlue #CTL | Our human rights, and nothing less.",FALSE,"Fri Apr 01 21:10:03 +0000 2011",159986,10596,14335,FALSE,NA,"L'Etat C'est Moi","Central Time (US & Canada)","en",-21600,11580,"letat_lechat"
"579","Sanders/Trump resonate on same issue-no superpac money! Hillary-pay attention! Fundraisers harm image. CGI loan an option? @HillaryClinton",0,FALSE,FALSE,"697530444762497025",NA,"<a href=""http://twitter.com"" rel=""nofollow"">Twitter Web Client</a>",FALSE,"Wed Feb 10 21:19:52 +0000 2016",NA,NA,"en",0,FALSE,"USA","350286040","Political junkie watching America implode. Observing blatant deceit, corruption and insanity in the system. Entrepreneur. Portfolio Manager.",FALSE,"Sun Aug 07 14:31:52 +0000 2011",235,23,4,FALSE,NA,"Hillary4POTUS","Eastern Time (US & Canada)","en",-18000,36,"Hillary4POTUS"
"605","RT @HillaryClinton: Glowing with pride in Columbia, South Carolina. https://t.co/okVvaglDzz",348,FALSE,FALSE,"697530449699078144",NA,"<a href=""http://twitter.com/download/iphone"" rel=""nofollow"">Twitter for iPhone</a>",FALSE,"Wed Feb 10 21:19:53 +0000 2016",NA,NA,"en",8,FALSE,"United States","441317106","Atheism. LGBTQ. Politics. Classical music lover. Beethoven follower- if he were alive today! Mozart too. US Army veteran. MBA, MPA, MS. Ready for #Hillary16-24!",FALSE,"Mon Dec 19 23:52:16 +0000 2011",11196,483,8293,FALSE,NA,"Gidonny.",NA,"en",NA,777,"gidonny"
"642","May be one reason why @HillaryClinton had double digit loss w/ women voters in NH. Sanders won women by 11 points. https://t.co/br7r2E1ekQ",0,FALSE,FALSE,"697530457441898497",NA,"<a href=""http://twitter.com"" rel=""nofollow"">Twitter Web Client</a>",FALSE,"Wed Feb 10 21:19:55 +0000 2016",NA,NA,"en",94,FALSE,NA,"1650858084","Not for the faint of heart if you can't handle truth or perceptions being challenged. Truth is a powerful weapon for good & we should never be afraid to use it.",FALSE,"Tue Aug 06 18:06:24 +0000 2013",108078,902,7458,FALSE,NA,"Pamela Jones",NA,"en",NA,1317,"goodnewsgoddess"
"658","****Report: A Dozen Email Accounts Belonging to @HillaryClinton AIDES Handled Top Secret Intel****  https://t.co/Pl9moIfEjD",0,FALSE,FALSE,"697530460964913152",NA,"<a href=""http://twitter.com"" rel=""nofollow"">Twitter Web Client</a>",FALSE,"Wed Feb 10 21:19:56 +0000 2016",NA,NA,"en",39,FALSE,"New Jerseyan in Kalifornia.","1293538381","News, Sports, Traffic & Weather. NYG, Yankees, Devils, Canucks,  Hershey Bears, Seahawks. #Cruz2016 CONSERVATIVE. NJ-NYC-Philly-soCal-Seattle-YVR. Exit 98",FALSE,"Sun Mar 24 04:07:47 +0000 2013",53365,1136,22100,FALSE,NA,"jerZboyUSA","Pacific Time (US & Canada)","en",-28800,2227,"jerZboyUSA"
"667","RT @CNNSitRoom: Former White House press secretary Jay Carney says @POTUS supports @HillaryClinton https://t.co/KCCR6m1UV1 https://t.co/vkg‚Ä¶",3,FALSE,FALSE,"697530463301214209",NA,"<a href=""http://twitter.com/download/iphone"" rel=""nofollow"">Twitter for iPhone</a>",FALSE,"Wed Feb 10 21:19:56 +0000 2016",NA,NA,"en",10,FALSE,"The Great State of Texas","1342532371","Texas Aggie '16 majoring in #Geophysics | President of @AggieDems | Houstonian | Tweets and views are of my own devising | RT ‚â† Endoresements",FALSE,"Wed Apr 10 18:07:30 +0000 2013",2574,199,1819,FALSE,"http://tx.ag/aggiedemocrats","Amol Shalia",NA,"en",NA,1240,"AmolShalia"
"706","@JasonMDNA @HillaryClinton has been unbelievably nice 2 #Bernie while he lied &amp; used innuendos at her! Truth will come out soon &amp; he'll fall",0,FALSE,FALSE,"697530471559913472","JasonMDNA","<a href=""http://twitter.com/download/iphone"" rel=""nofollow"">Twitter for iPhone</a>",FALSE,"Wed Feb 10 21:19:58 +0000 2016","697474349562011648","1139717690","en",23,FALSE,NA,"1007187600",NA,TRUE,"Wed Dec 12 20:05:40 +0000 2012",13992,196,1230,FALSE,NA,"Roberta G. Zuckerman",NA,"en",NA,44,"Roberta1836"
"716","@HillaryClinton what if we text.. jail",0,FALSE,FALSE,"697530473770311681","HillaryClinton","<a href=""http://www.tweetcaster.com"" rel=""nofollow"">TweetCaster for Android</a>",FALSE,"Wed Feb 10 21:19:59 +0000 2016","697477433885401089","1339835893","en",4,FALSE,"PuttingGreen if I'm lucky","4352218515","Politics and golf...liberals annoy me. Young woodworker on the side, Consultant by day.",FALSE,"Wed Dec 02 16:27:58 +0000 2015",2117,53,3,FALSE,NA,"YoungWood","Pacific Time (US & Canada)","en",-28800,162,"1981SawDust"
"733","@MsEdaHo I like Charlie too. Given his willingness to speak out on the morality of others, am curious what he thinks about @HillaryClinton",0,FALSE,FALSE,"697530475808686083","MsEdaHo","<a href=""http://twitter.com"" rel=""nofollow"">Twitter Web Client</a>",FALSE,"Wed Feb 10 21:19:59 +0000 2016","697517112928108545","2967882616","en",13,FALSE,NA,"478997877","It's not about the money, money, money... just wanna make the world dance",TRUE,"Mon Jan 30 22:12:01 +0000 2012",1462,480,106,FALSE,NA,"Jack Pullara","Eastern Time (US & Canada)","en",-18000,299,"jackpullara"
"747","RT @RealJamesWoods: Only these disgusting pigs would leave the American flag on the ground like a rag. @HillaryClinton #ShameOnYou  https:/‚Ä¶",119,FALSE,FALSE,"697530478858002433",NA,"<a href=""http://twitter.com/download/iphone"" rel=""nofollow"">Twitter for iPhone</a>",FALSE,"Wed Feb 10 21:20:00 +0000 2016",NA,NA,"en",2,FALSE,NA,"1674271836","#2ndAmendment #comeandtakeit Detroit LIONS, MICHIGAN, RED WINGS, #CBJ. Bow Hunt or Die",TRUE,"Thu Aug 15 23:39:40 +0000 2013",1843,334,4372,FALSE,NA,"MC",NA,"en",NA,1942,"MitchCrocker808"
"763","RT @HillaryClinton: If you‚Äôre standing with Hillary tonight, let her know. https://t.co/wLwS0T2te2",2392,FALSE,FALSE,"697530481961598976",NA,"<a href=""http://twitter.com/download/iphone"" rel=""nofollow"">Twitter for iPhone</a>",FALSE,"Wed Feb 10 21:20:01 +0000 2016",NA,NA,"en",64,FALSE,"Chicago, IL","865927014","Clouderan working on BigData and DataScience @Cloudera. Past - BigData/DataScience @ Monsanto",TRUE,"Sun Oct 07 07:38:42 +0000 2012",1914,333,890,FALSE,"http://www.cloudera.com","Guru Medasani","Eastern Time (US & Canada)","en",-18000,986,"gurumedasani"
"772","@RMaupins @sean_p_thomas @HillaryClinton At least we will be spared another round of the Clinton Crime family. Feel the Bern!",0,FALSE,FALSE,"697530484948135939","RMaupins","<a href=""http://twitter.com"" rel=""nofollow"">Twitter Web Client</a>",FALSE,"Wed Feb 10 21:20:01 +0000 2016","697518982006501376","2588629239","en",1,FALSE,"Nirvana","2829903282",NA,FALSE,"Wed Sep 24 13:57:51 +0000 2014",1232,33,37,FALSE,NA,"Bio Wreck",NA,"en",NA,16,"BioWreck"
"789","RT @RealJamesWoods: Only these disgusting pigs would leave the American flag on the ground like a rag. @HillaryClinton #ShameOnYou  https:/‚Ä¶",120,FALSE,FALSE,"697530488425226240",NA,"<a href=""http://twitter.com/download/android"" rel=""nofollow"">Twitter for Android</a>",FALSE,"Wed Feb 10 21:20:02 +0000 2016",NA,NA,"en",0,FALSE,NA,"331615894","If you believe government can be trusted with anything, you have already given up your freedom.",FALSE,"Fri Jul 08 13:08:39 +0000 2011",310,30,164,FALSE,NA,"Dave S",NA,"en",NA,166,"socialviolation"
"801","@CNNSitRoom @POTUS @HillaryClinton obviously.",0,FALSE,FALSE,"697530490874654725","CNNSitRoom","<a href=""http://twitter.com"" rel=""nofollow"">Twitter Web Client</a>",FALSE,"Wed Feb 10 21:20:03 +0000 2016","697530201836748800","34310801","en",0,FALSE,NA,"4854898840",NA,FALSE,"Wed Jan 27 20:45:19 +0000 2016",147,49,1818,FALSE,NA,"Sean for Bernie",NA,"en",NA,249,"HavensSean"
"802","RT @HillaryClinton: The New Hampshire cold won‚Äôt stop us! Say you‚Äôre with her: https://t.co/QsOMLc1aCX https://t.co/fr8M7yuMOe",469,FALSE,FALSE,"697530491285729281",NA,"<a href=""http://twitter.com/download/iphone"" rel=""nofollow"">Twitter for iPhone</a>",FALSE,"Wed Feb 10 21:20:03 +0000 2016",NA,NA,"en",19,FALSE,NA,"545220045","Enjoy my life with family & friends & count my blessings. Director at McCann Ericson advertising. Then owned my own advertising agency. Dr of Chemistry",FALSE,"Wed Apr 04 13:42:29 +0000 2012",1821,174,2843,FALSE,NA,"Ann Demps",NA,"en",NA,277,"ann_dempsey"
"806","RT @RNRMaryland: I believe #HillaryClinton  you are right looking forward to you behind bars! #RedNationRising #UniteBlue #PJNET https://t.‚Ä¶",29,FALSE,FALSE,"697530491528990720",NA,"<a href=""https://roundteam.co"" rel=""nofollow"">RoundTeam</a>",FALSE,"Wed Feb 10 21:20:03 +0000 2016",NA,NA,"en",49,FALSE,NA,"3251663735",NA,FALSE,"Wed May 13 14:13:54 +0000 2015",12244,1082,59,FALSE,NA,"RNR New England",NA,"en",NA,877,"RNRNewEngland"
"809","@RealJamesWoods @HillaryClinton @postpolitics @melinamara Every true patriot has their blood boiling at this time! Hiliarly is disrespectful",0,FALSE,FALSE,"697530491432402944","RealJamesWoods","<a href=""http://twitter.com/download/iphone"" rel=""nofollow"">Twitter for iPhone</a>",FALSE,"Wed Feb 10 21:20:03 +0000 2016","697529138005970944","78523300","en",43,FALSE,"California, USA","191156581","International Director at Equipping Leadership - Helping global leaders maximize their life's work by mastering The Great Command and Great Commission",TRUE,"Wed Sep 15 18:57:18 +0000 2010",9334,1022,5618,FALSE,"http://equippingleadership.com","Dave Holden","Pacific Time (US & Canada)","en",-28800,303,"HDavidHolden"
"831","@EnviroNewsTV @HillaryClinton if it gets votes.......",0,FALSE,FALSE,"697530496746655744","EnviroNewsTV","<a href=""http://twitter.com/download/iphone"" rel=""nofollow"">Twitter for iPhone</a>",FALSE,"Wed Feb 10 21:20:04 +0000 2016","697529860361576449","267449695","en",0,FALSE,"Derbyshire. UK","29682235","All my own opinions.",FALSE,"Wed Apr 08 09:35:34 +0000 2009",775,257,8,FALSE,NA,"Peter Burnett","London","en",0,1251,"pete2952"
"841","RT @France4Hillary: Because @HillaryClinton is a pragmatist who gets things done, she allows us to DREAM BIGGER!
#ImWithHer #HillYes https:‚Ä¶",29,FALSE,FALSE,"697530498558464000",NA,"<a href=""http://twitter.com/download/iphone"" rel=""nofollow"">Twitter for iPhone</a>",FALSE,"Wed Feb 10 21:20:05 +0000 2016",NA,NA,"en",8,FALSE,"United States","441317106","Atheism. LGBTQ. Politics. Classical music lover. Beethoven follower- if he were alive today! Mozart too. US Army veteran. MBA, MPA, MS. Ready for #Hillary16-24!",FALSE,"Mon Dec 19 23:52:16 +0000 2011",11197,483,8294,FALSE,NA,"Gidonny.",NA,"en",NA,777,"gidonny"
"855","@ScottFordTVGuy @CarlyFiorina is a far more intelligent and articulate person than @HillaryClinton. Also, far less rape blood on her hands.",0,FALSE,FALSE,"697530501456760832","ScottFordTVGuy","<a href=""http://twitter.com/download/iphone"" rel=""nofollow"">Twitter for iPhone</a>",FALSE,"Wed Feb 10 21:20:05 +0000 2016","697529594530770944","413327979","en",2,FALSE,"Washington, USA","4856682798","Drinker & Clinton lapdog.",FALSE,"Thu Feb 04 02:08:06 +0000 2016",375,84,122,FALSE,NA,"Drunk Chris Matthews",NA,"en",NA,184,"DrunkChrisMatt"
"864","Votar por @HillaryClinton es votar por la guerra: #Assange https://t.co/zXHouutGJa https://t.co/CKHWVgkujB",0,FALSE,FALSE,"697530503499350016",NA,"<a href=""https://about.twitter.com/products/tweetdeck"" rel=""nofollow"">TweetDeck</a>",FALSE,"Wed Feb 10 21:20:06 +0000 2016",NA,NA,"es",3030,FALSE,"M√©xico DF","42782290","Las noticias del diario global m√°s grande del mundo en 140 caracteres.",TRUE,"Wed May 27 01:35:35 +0000 2009",380884,463011,189,FALSE,"http://www.publimetro.com.mx/","Publimetro MX","Mexico City","es",-21600,1110,"PublimetroMX"
"874","RT @Mike_USPatriot: @RealJamesWoods @HillaryClinton Like the same person that left 4 Americans on the ground in Benghazi?",2,FALSE,FALSE,"697530506951266304",NA,"<a href=""http://twitter.com"" rel=""nofollow"">Twitter Web Client</a>",FALSE,"Wed Feb 10 21:20:07 +0000 2016",NA,NA,"en",39,FALSE,"Yarrow BC","2355819120","Carpenter/renovator Deficiency person                              
Former tumble weed. Refined in the Fire Our God is a Just God",TRUE,"Sat Feb 22 05:14:37 +0000 2014",13693,2019,17438,FALSE,NA,"Angus James Ferguson",NA,"en",NA,2035,"AngusJames3"
"877","RT @CelesteKatzNYC: WHOA, @RepJeffries ripping @BernieSanders on @HillaryClinton call: says he's been 'missing in action' on minority issue‚Ä¶",6,FALSE,FALSE,"697530507458912256",NA,"<a href=""http://twitter.com"" rel=""nofollow"">Twitter Web Client</a>",FALSE,"Wed Feb 10 21:20:07 +0000 2016",NA,NA,"en",131,FALSE,"Raleigh, NC","550253258","...amicitiae, amare, honestum, passibili, misericordia, fide, dignitatem,  fiduciam, officium, communicatio, iustitia, gaudium, risus...",FALSE,"Tue Apr 10 16:39:43 +0000 2012",59798,2158,35676,FALSE,NA,"Scarce Commodities","Atlantic Time (Canada)","en",-14400,2335,"LaPajamas"
"899","@AModelsMom2011 @RepRutherford @HillaryClinton I have researched these issues you have with him and they are all bunk. Maybe you should too.",0,FALSE,FALSE,"697530511191883776","AModelsMom2011","<a href=""http://twitter.com"" rel=""nofollow"">Twitter Web Client</a>",FALSE,"Wed Feb 10 21:20:08 +0000 2016","697528556365209601","305017129","en",2,FALSE,NA,"254360687",NA,FALSE,"Sat Feb 19 03:54:40 +0000 2011",1577,56,1130,FALSE,NA,"Sam Ross",NA,"en",NA,297,"sross0830"
"900","Malala supports @HillaryClinton 'Nuff said #ImWithHer https://t.co/Jt2dKNeCs6",0,FALSE,FALSE,"697530510902435844",NA,"<a href=""http://twitter.com/download/iphone"" rel=""nofollow"">Twitter for iPhone</a>",FALSE,"Wed Feb 10 21:20:07 +0000 2016",NA,NA,"en",64,FALSE,"Global Free Spirit","151185187","~ Equine Sports Massage Therapy ~ Holistic Healing With MettƒÅ (PƒÅli for LovingKindness) ~ Lungta: Tibetan for Windhorse ~ Namaste ~",TRUE,"Wed Jun 02 20:32:52 +0000 2010",36184,1036,39682,FALSE,"https://www.facebook.com/pages/Lungta-Equine-Yoga-Massage/111560875538821?ref=bookmarks","Lungta Wellness","Eastern Time (US & Canada)","en",-18000,297,"lungtawellness"
"901","@tedcruz #NameCheck @HillaryClinton about the Rockefeller Initiative #Disclosure @POTUS https://t.co/Vl9hwVyy94",0,FALSE,FALSE,"697530511208665088","tedcruz","<a href=""http://twitter.com"" rel=""nofollow"">Twitter Web Client</a>",FALSE,"Wed Feb 10 21:20:08 +0000 2016",NA,"23022687","en",25,FALSE,"Washington DC","1602074497",NA,FALSE,"Wed Jul 17 23:18:12 +0000 2013",18005,1313,1026,FALSE,NA,"elizabeth trutwin","Pacific Time (US & Canada)","en",-28800,1626,"aamidway"
"934","RT @the_intercept: Bill and @HillaryClinton have  made at least $139M from speeches, including $35M from the financial sector. https://t.co‚Ä¶",650,FALSE,FALSE,"697530516363345921",NA,"<a href=""http://twitter.com/download/iphone"" rel=""nofollow"">Twitter for iPhone</a>",FALSE,"Wed Feb 10 21:20:09 +0000 2016",NA,NA,"en",1,FALSE,NA,"477936599","Nina's House",TRUE,"Sun Jan 29 18:40:47 +0000 2012",6372,210,4143,FALSE,NA,"Es√°i Luna",NA,"en",NA,100,"EsaitunaLuna"
"966","Bernie Sanders cannot debate for shit #HillaryClintonforthewin",0,FALSE,FALSE,"697530522877165568",NA,"<a href=""http://twitter.com/download/iphone"" rel=""nofollow"">Twitter for iPhone</a>",FALSE,"Wed Feb 10 21:20:10 +0000 2016",NA,NA,"en",3,FALSE,"huddz","36389454","Everything is possible, the impossible just takes longer.",TRUE,"Wed Apr 29 15:47:45 +0000 2009",6927,202,191,FALSE,NA,"Kieran","London","en",0,294,"kezz_p"
"969","@HillaryClinton U need 2 reach out 2 young powerful women and get them to get out to help campaign i.e.; Katy perry , Selena gomez , Beyonc√©",0,FALSE,FALSE,"697530522486976512","HillaryClinton","<a href=""http://twitter.com/download/iphone"" rel=""nofollow"">Twitter for iPhone</a>",FALSE,"Wed Feb 10 21:20:10 +0000 2016","697136406443896832","1339835893","en",0,FALSE,NA,"2834096805",NA,FALSE,"Thu Oct 16 14:11:48 +0000 2014",8,3,0,FALSE,NA,"JAO",NA,"en",NA,33,"JAO71011"
"980","https://t.co/fGm2MLw9CS can @BernieSanders win in #nevada too now?We sure think so!Though @HillaryClinton is ahead there...but #FeelTheBern",0,FALSE,FALSE,"697530524491980800",NA,"<a href=""http://twitter.com"" rel=""nofollow"">Twitter Web Client</a>",FALSE,"Wed Feb 10 21:20:11 +0000 2016",NA,NA,"en",10,FALSE,"London, England","3407473721","A blog about recent political and entertainment events with professional articles and constant updates.",FALSE,"Fri Aug 07 17:10:57 +0000 2015",799,241,99,FALSE,"http://finchley1959.blogspot.hu/","finchley1959","Pacific Time (US & Canada)","en",-28800,666,"finchley1959"
"993","RT @RealJamesWoods: Only these disgusting pigs would leave the American flag on the ground like a rag. @HillaryClinton #ShameOnYou  https:/‚Ä¶",121,FALSE,FALSE,"697530527847489536",NA,"<a href=""http://twitter.com/download/android"" rel=""nofollow"">Twitter for Android</a>",FALSE,"Wed Feb 10 21:20:11 +0000 2016",NA,NA,"en",12,FALSE," Yankee livin in the south","50913710","Conservative, libertarian leaning, Army veteran, pro life, capitalist. Still call Detroit my home.",TRUE,"Fri Jun 26 04:01:18 +0000 2009",11930,256,17870,FALSE,NA,"MaryR","Central Time (US & Canada)","en",-21600,321,"local_onthe8"
"1035","RT @ladyboomernyc: Carrying a gun on a train is not the same as having it in checked luggage on a plane, Bernie. @TheView @HillaryClinton #‚Ä¶",2,FALSE,FALSE,"697530534713389056",NA,"<a href=""http://twitter.com/download/android"" rel=""nofollow"">Twitter for Android</a>",FALSE,"Wed Feb 10 21:20:13 +0000 2016",NA,NA,"en",45,FALSE,NA,"616487153","Most days it's one foot in front of the other.",TRUE,"Sat Jun 23 21:24:31 +0000 2012",43533,1224,6306,FALSE,NA,"$","Eastern Time (US & Canada)","en",-18000,1246,"EybertD"
"1048","https://t.co/wx4mXJD681  I am voting for #HillaryClinton for many reasons",0,FALSE,FALSE,"697530536609198080",NA,"<a href=""http://twitter.com"" rel=""nofollow"">Twitter Web Client</a>",FALSE,"Wed Feb 10 21:20:14 +0000 2016",NA,NA,"en",2,FALSE,"Chicago","41127224","Employment Lady Lawyer with Werman Salas P.C., UChicago Law Alumna, Golden Gopher, Big Sister, Feminist. Opinions are my own.",TRUE,"Tue May 19 14:37:41 +0000 2009",1978,179,181,FALSE,"http://flsalaw.com/","Sarah Arendt","Central Time (US & Canada)","en",-21600,276,"ArentUSarah"
"1053","@HillaryClinton well the defendant please rise
https://t.co/ptnvyEOaqR",0,FALSE,FALSE,"697530537318203392","HillaryClinton","<a href=""http://twitter.com/download/iphone"" rel=""nofollow"">Twitter for iPhone</a>",FALSE,"Wed Feb 10 21:20:14 +0000 2016","697506062161879040","1339835893","en",1,FALSE,NA,"4172823591",NA,FALSE,"Thu Nov 12 17:37:55 +0000 2015",539,14,96,FALSE,NA,"John",NA,"en",NA,103,"rbtbyfh"
"1072","RT @RealJamesWoods: Only these disgusting pigs would leave the American flag on the ground like a rag. @HillaryClinton #ShameOnYou  https:/‚Ä¶",122,FALSE,FALSE,"697530541105659904",NA,"<a href=""http://twitter.com/download/iphone"" rel=""nofollow"">Twitter for iPhone</a>",FALSE,"Wed Feb 10 21:20:15 +0000 2016",NA,NA,"en",11,FALSE,NA,"312392374",NA,TRUE,"Tue Jun 07 02:00:16 +0000 2011",9358,228,4823,FALSE,NA,"usa",NA,"en",NA,178,"stone2050"
"1080","@HillaryClinton Thnk u 4 supporting neighborhood public schools! The reformers r destroying our schools&amp; communities https://t.co/Ah3aKt4Kj8",0,FALSE,FALSE,"697530541239734272","HillaryClinton","<a href=""http://twitter.com/download/android"" rel=""nofollow"">Twitter for Android</a>",FALSE,"Wed Feb 10 21:20:15 +0000 2016",NA,"1339835893","en",0,FALSE,NA,"470514132","Southern girl who loves mountains and big open sky.  I love the arts and all things didactic.  Miss the big city life, sometimes.",FALSE,"Sat Jan 21 21:06:56 +0000 2012",749,32,462,FALSE,NA,"Camilla Susser","Mountain Time (US & Canada)","en",-25200,90,"CamillaSusser"
"1091","RT @AbominationObam: #HillaryClinton is
SO #SuchALiar 
SO #Corrupt 
SO #UnTrustWorthy 
SO #AntiAmerican
SO #WeakOnTerror
SO #Hypocritical h‚Ä¶",1,FALSE,FALSE,"697530544037298176",NA,"<a href=""http://twitter.com/download/android"" rel=""nofollow"">Twitter for Android</a>",FALSE,"Wed Feb 10 21:20:15 +0000 2016",NA,NA,"en",3,FALSE,NA,"4411104040","Believe Jesus is my savior, love my family and my country.",TRUE,"Tue Dec 08 02:20:04 +0000 2015",2531,150,5285,FALSE,NA,"debbie",NA,"en",NA,53,"Me27228077"
"1095","@seanspicer @HillaryClinton the reaction in the Deep South...would be amazing lol",0,FALSE,FALSE,"697530545560031232","seanspicer","<a href=""http://twitter.com"" rel=""nofollow"">Twitter Web Client</a>",FALSE,"Wed Feb 10 21:20:16 +0000 2016","697226283982462976","20776147","en",2,FALSE,"Ottawa canada","24616501",NA,FALSE,"Mon Mar 16 00:28:31 +0000 2009",475,33,8,FALSE,NA,"Paul Dooling","Quito","en",-18000,345,"ey804paul"
"1104","RT @RyanHeathAdams: I will donate up to $500 to @HillaryClinton for every Retweet this gets. Time to Bern Bernies ass! #ImWithHer #NHPrimar‚Ä¶",303,FALSE,FALSE,"697530547267072000",NA,"<a href=""http://twitter.com/download/iphone"" rel=""nofollow"">Twitter for iPhone</a>",FALSE,"Wed Feb 10 21:20:16 +0000 2016",NA,NA,"en",7,FALSE,"NJ","3001327774",NA,FALSE,"Tue Jan 27 12:28:12 +0000 2015",4558,58,973,FALSE,NA,"Wes",NA,"en",NA,70,"Wes72971"
